[{"model": "admin.logentry", "pk": 1, "fields": {"action_time": "2026-01-08T14:09:45.956Z", "user": 1, "content_type": 4, "object_id": "1", "object_repr": "void", "action_flag": 2, "change_message": "[{\"changed\": {\"fields\": [\"First name\", \"Last name\"]}}]"}}, {"model": "admin.logentry", "pk": 2, "fields": {"action_time": "2026-01-09T00:56:13.924Z", "user": 1, "content_type": 4, "object_id": "1", "object_repr": "void", "action_flag": 2, "change_message": "[{\"added\": {\"name\": \"profile\", \"object\": \"void Profile\"}}]"}}, {"model": "admin.logentry", "pk": 3, "fields": {"action_time": "2026-01-09T02:48:22.954Z", "user": 1, "content_type": 4, "object_id": "2", "object_repr": "admin", "action_flag": 1, "change_message": "[{\"added\": {}}]"}}, {"model": "admin.logentry", "pk": 4, "fields": {"action_time": "2026-01-09T02:49:17.605Z", "user": 1, "content_type": 4, "object_id": "2", "object_repr": "admin", "action_flag": 2, "change_message": "[{\"changed\": {\"fields\": [\"First name\", \"Last name\", \"Email address\", \"Staff status\", \"Superuser status\"]}}, {\"added\": {\"name\": \"profile\", \"object\": \"admin Profile\"}}]"}}, {"model": "admin.logentry", "pk": 5, "fields": {"action_time": "2026-01-09T04:06:41.492Z", "user": 1, "content_type": 4, "object_id": "2", "object_repr": "admin", "action_flag": 3, "change_message": ""}}, {"model": "admin.logentry", "pk": 6, "fields": {"action_time": "2026-01-09T04:37:37.409Z", "user": 84, "content_type": 4, "object_id": "4", "object_repr": "woo", "action_flag": 2, "change_message": "[{\"added\": {\"name\": \"profile\", \"object\": \"woo Profile\"}}]"}}, {"model": "admin.logentry", "pk": 7, "fields": {"action_time": "2026-01-09T04:38:01.300Z", "user": 84, "content_type": 4, "object_id": "4", "object_repr": "woo", "action_flag": 2, "change_message": "[{\"changed\": {\"fields\": [\"Staff status\"]}}]"}}, {"model": "admin.logentry", "pk": 8, "fields": {"action_time": "2026-01-09T04:38:16.701Z", "user": 84, "content_type": 4, "object_id": "5", "object_repr": "dongwook", "action_flag": 2, "change_message": "[{\"changed\": {\"fields\": [\"Staff status\"]}}]"}}, {"model": "admin.logentry", "pk": 9, "fields": {"action_time": "2026-01-09T04:38:53.138Z", "user": 84, "content_type": 4, "object_id": "5", "object_repr": "dongwook", "action_flag": 2, "change_message": "[{\"added\": {\"name\": \"profile\", \"object\": \"dongwook Profile\"}}]"}}, {"model": "admin.logentry", "pk": 10, "fields": {"action_time": "2026-01-09T04:39:16.777Z", "user": 84, "content_type": 4, "object_id": "6", "object_repr": "jinseo", "action_flag": 2, "change_message": "[{\"changed\": {\"fields\": [\"Staff status\"]}}]"}}, {"model": "admin.logentry", "pk": 11, "fields": {"action_time": "2026-01-09T04:40:03.516Z", "user": 84, "content_type": 4, "object_id": "6", "object_repr": "jinseo", "action_flag": 2, "change_message": "[{\"added\": {\"name\": \"profile\", \"object\": \"jinseo Profile\"}}]"}}, {"model": "admin.logentry", "pk": 12, "fields": {"action_time": "2026-01-09T04:40:11.558Z", "user": 84, "content_type": 4, "object_id": "15", "object_repr": "ive", "action_flag": 2, "change_message": "[{\"changed\": {\"fields\": [\"Staff status\"]}}]"}}, {"model": "admin.logentry", "pk": 13, "fields": {"action_time": "2026-01-09T04:40:33.150Z", "user": 84, "content_type": 4, "object_id": "15", "object_repr": "ive", "action_flag": 2, "change_message": "[{\"added\": {\"name\": \"profile\", \"object\": \"ive Profile\"}}]"}}, {"model": "admin.logentry", "pk": 14, "fields": {"action_time": "2026-01-09T04:40:53.839Z", "user": 84, "content_type": 4, "object_id": "17", "object_repr": "sulhyun", "action_flag": 2, "change_message": "[{\"changed\": {\"fields\": [\"Staff status\"]}}]"}}, {"model": "admin.logentry", "pk": 15, "fields": {"action_time": "2026-01-09T04:41:09.486Z", "user": 84, "content_type": 4, "object_id": "17", "object_repr": "sulhyun", "action_flag": 2, "change_message": "[{\"added\": {\"name\": \"profile\", \"object\": \"sulhyun Profile\"}}]"}}, {"model": "admin.logentry", "pk": 16, "fields": {"action_time": "2026-01-09T04:41:42.024Z", "user": 84, "content_type": 4, "object_id": "10", "object_repr": "asct", "action_flag": 2, "change_message": "[{\"changed\": {\"fields\": [\"Staff status\"]}}, {\"added\": {\"name\": \"profile\", \"object\": \"asct Profile\"}}]"}}, {"model": "admin.logentry", "pk": 17, "fields": {"action_time": "2026-01-09T04:42:11.327Z", "user": 84, "content_type": 4, "object_id": "16", "object_repr": "blackpink", "action_flag": 2, "change_message": "[{\"changed\": {\"fields\": [\"Staff status\"]}}, {\"added\": {\"name\": \"profile\", \"object\": \"blackpink Profile\"}}]"}}, {"model": "admin.logentry", "pk": 18, "fields": {"action_time": "2026-01-09T04:42:20.813Z", "user": 84, "content_type": 4, "object_id": "9", "object_repr": "blogs", "action_flag": 2, "change_message": "[{\"changed\": {\"fields\": [\"Staff status\"]}}]"}}, {"model": "admin.logentry", "pk": 19, "fields": {"action_time": "2026-01-09T04:42:40.378Z", "user": 84, "content_type": 4, "object_id": "9", "object_repr": "blogs", "action_flag": 2, "change_message": "[{\"added\": {\"name\": \"profile\", \"object\": \"blogs Profile\"}}]"}}, {"model": "admin.logentry", "pk": 20, "fields": {"action_time": "2026-01-09T04:43:01.162Z", "user": 84, "content_type": 4, "object_id": "84", "object_repr": "admin", "action_flag": 2, "change_message": "[{\"added\": {\"name\": \"profile\", \"object\": \"admin Profile\"}}]"}}, {"model": "admin.logentry", "pk": 21, "fields": {"action_time": "2026-01-09T04:43:17.563Z", "user": 84, "content_type": 4, "object_id": "14", "object_repr": "events", "action_flag": 2, "change_message": "[{\"changed\": {\"fields\": [\"Staff status\"]}}]"}}, {"model": "admin.logentry", "pk": 22, "fields": {"action_time": "2026-01-09T04:43:52.882Z", "user": 84, "content_type": 4, "object_id": "14", "object_repr": "events", "action_flag": 2, "change_message": "[{\"added\": {\"name\": \"profile\", \"object\": \"events Profile\"}}]"}}, {"model": "admin.logentry", "pk": 23, "fields": {"action_time": "2026-01-09T04:44:32.174Z", "user": 84, "content_type": 4, "object_id": "7", "object_repr": "idol", "action_flag": 2, "change_message": "[{\"changed\": {\"fields\": [\"First name\", \"Last name\", \"Staff status\"]}}, {\"added\": {\"name\": \"profile\", \"object\": \"idol Profile\"}}]"}}, {"model": "admin.logentry", "pk": 24, "fields": {"action_time": "2026-01-09T04:45:04.436Z", "user": 84, "content_type": 4, "object_id": "3", "object_repr": "kim", "action_flag": 2, "change_message": "[{\"changed\": {\"fields\": [\"First name\", \"Last name\", \"Staff status\"]}}, {\"added\": {\"name\": \"profile\", \"object\": \"kim Profile\"}}]"}}, {"model": "admin.logentry", "pk": 25, "fields": {"action_time": "2026-01-09T04:45:21.300Z", "user": 84, "content_type": 4, "object_id": "12", "object_repr": "library", "action_flag": 2, "change_message": "[{\"changed\": {\"fields\": [\"Staff status\"]}}]"}}, {"model": "admin.logentry", "pk": 26, "fields": {"action_time": "2026-01-09T04:45:21.303Z", "user": 84, "content_type": 4, "object_id": "8", "object_repr": "mytodos", "action_flag": 2, "change_message": "[{\"changed\": {\"fields\": [\"Staff status\"]}}]"}}, {"model": "admin.logentry", "pk": 27, "fields": {"action_time": "2026-01-09T04:45:38.164Z", "user": 84, "content_type": 4, "object_id": "12", "object_repr": "library", "action_flag": 2, "change_message": "[{\"added\": {\"name\": \"profile\", \"object\": \"library Profile\"}}]"}}, {"model": "admin.logentry", "pk": 28, "fields": {"action_time": "2026-01-09T04:46:15.677Z", "user": 84, "content_type": 4, "object_id": "8", "object_repr": "mytodos", "action_flag": 2, "change_message": "[{\"changed\": {\"fields\": [\"First name\", \"Last name\", \"Email address\"]}}, {\"added\": {\"name\": \"profile\", \"object\": \"mytodos Profile\"}}]"}}, {"model": "admin.logentry", "pk": 29, "fields": {"action_time": "2026-01-09T04:46:34.245Z", "user": 84, "content_type": 4, "object_id": "13", "object_repr": "polls", "action_flag": 2, "change_message": "[{\"changed\": {\"fields\": [\"Staff status\"]}}]"}}, {"model": "admin.logentry", "pk": 30, "fields": {"action_time": "2026-01-09T04:46:34.249Z", "user": 84, "content_type": 4, "object_id": "11", "object_repr": "store", "action_flag": 2, "change_message": "[{\"changed\": {\"fields\": [\"Staff status\"]}}]"}}, {"model": "admin.logentry", "pk": 31, "fields": {"action_time": "2026-01-09T04:46:54.967Z", "user": 84, "content_type": 4, "object_id": "13", "object_repr": "polls", "action_flag": 2, "change_message": "[{\"added\": {\"name\": \"profile\", \"object\": \"polls Profile\"}}]"}}, {"model": "admin.logentry", "pk": 32, "fields": {"action_time": "2026-01-09T04:47:11.992Z", "user": 84, "content_type": 4, "object_id": "11", "object_repr": "store", "action_flag": 2, "change_message": "[{\"added\": {\"name\": \"profile\", \"object\": \"store Profile\"}}]"}}, {"model": "admin.logentry", "pk": 33, "fields": {"action_time": "2026-01-09T12:01:31.963Z", "user": 84, "content_type": 4, "object_id": "33", "object_repr": "youseemin", "action_flag": 2, "change_message": "[{\"added\": {\"name\": \"profile\", \"object\": \"youseemin Profile\"}}]"}}, {"model": "admin.logentry", "pk": 34, "fields": {"action_time": "2026-01-09T12:02:09.553Z", "user": 84, "content_type": 4, "object_id": "26", "object_repr": "zerg", "action_flag": 2, "change_message": "[{\"added\": {\"name\": \"profile\", \"object\": \"zerg Profile\"}}]"}}, {"model": "admin.logentry", "pk": 35, "fields": {"action_time": "2026-01-09T12:02:24.568Z", "user": 84, "content_type": 4, "object_id": "24", "object_repr": "zillert", "action_flag": 2, "change_message": "[{\"added\": {\"name\": \"profile\", \"object\": \"zillert Profile\"}}]"}}, {"model": "admin.logentry", "pk": 36, "fields": {"action_time": "2026-01-09T12:02:50.282Z", "user": 84, "content_type": 4, "object_id": "82", "object_repr": "charater", "action_flag": 2, "change_message": "[{\"added\": {\"name\": \"profile\", \"object\": \"charater Profile\"}}]"}}, {"model": "admin.logentry", "pk": 37, "fields": {"action_time": "2026-01-09T12:03:23.600Z", "user": 84, "content_type": 4, "object_id": "53", "object_repr": "bootstrap", "action_flag": 2, "change_message": "[{\"added\": {\"name\": \"profile\", \"object\": \"bootstrap Profile\"}}]"}}, {"model": "admin.logentry", "pk": 38, "fields": {"action_time": "2026-01-09T12:04:09.215Z", "user": 84, "content_type": 4, "object_id": "35", "object_repr": "jurdge", "action_flag": 2, "change_message": "[{\"added\": {\"name\": \"profile\", \"object\": \"jurdge Profile\"}}]"}}, {"model": "admin.logentry", "pk": 39, "fields": {"action_time": "2026-01-09T12:04:22.744Z", "user": 84, "content_type": 4, "object_id": "29", "object_repr": "overload", "action_flag": 2, "change_message": "[{\"added\": {\"name\": \"profile\", \"object\": \"overload Profile\"}}]"}}, {"model": "admin.logentry", "pk": 40, "fields": {"action_time": "2026-01-09T12:04:52.878Z", "user": 84, "content_type": 4, "object_id": "25", "object_repr": "protos", "action_flag": 2, "change_message": "[{\"added\": {\"name\": \"profile\", \"object\": \"protos Profile\"}}]"}}, {"model": "admin.logentry", "pk": 41, "fields": {"action_time": "2026-01-09T12:05:45.030Z", "user": 84, "content_type": 4, "object_id": "63", "object_repr": "december", "action_flag": 2, "change_message": "[{\"added\": {\"name\": \"profile\", \"object\": \"december Profile\"}}]"}}, {"model": "admin.logentry", "pk": 42, "fields": {"action_time": "2026-01-09T12:05:58.419Z", "user": 84, "content_type": 4, "object_id": "54", "object_repr": "django", "action_flag": 2, "change_message": "[{\"added\": {\"name\": \"profile\", \"object\": \"django Profile\"}}]"}}, {"model": "admin.logentry", "pk": 43, "fields": {"action_time": "2026-01-09T12:06:49.671Z", "user": 84, "content_type": 4, "object_id": "30", "object_repr": "pilen", "action_flag": 2, "change_message": "[{\"added\": {\"name\": \"profile\", \"object\": \"pilen Profile\"}}]"}}, {"model": "admin.logentry", "pk": 44, "fields": {"action_time": "2026-01-09T12:07:08.961Z", "user": 84, "content_type": 4, "object_id": "18", "object_repr": "test01", "action_flag": 2, "change_message": "[{\"added\": {\"name\": \"profile\", \"object\": \"test01 Profile\"}}]"}}, {"model": "admin.logentry", "pk": 45, "fields": {"action_time": "2026-01-09T12:07:48.179Z", "user": 84, "content_type": 4, "object_id": "21", "object_repr": "gominsee", "action_flag": 2, "change_message": "[{\"added\": {\"name\": \"profile\", \"object\": \"gominsee Profile\"}}]"}}, {"model": "admin.logentry", "pk": 46, "fields": {"action_time": "2026-01-09T12:08:12.470Z", "user": 84, "content_type": 4, "object_id": "34", "object_repr": "mbc", "action_flag": 2, "change_message": "[{\"added\": {\"name\": \"profile\", \"object\": \"mbc Profile\"}}]"}}, {"model": "admin.logentry", "pk": 47, "fields": {"action_time": "2026-01-09T12:08:54.550Z", "user": 84, "content_type": 4, "object_id": "46", "object_repr": "choyugung", "action_flag": 2, "change_message": "[{\"added\": {\"name\": \"profile\", \"object\": \"choyugung Profile\"}}]"}}, {"model": "admin.logentry", "pk": 48, "fields": {"action_time": "2026-01-09T12:09:24.812Z", "user": 84, "content_type": 4, "object_id": "42", "object_repr": "search", "action_flag": 2, "change_message": "[{\"added\": {\"name\": \"profile\", \"object\": \"search Profile\"}}]"}}, {"model": "admin.logentry", "pk": 49, "fields": {"action_time": "2026-01-09T12:10:01.806Z", "user": 84, "content_type": 4, "object_id": "70", "object_repr": "korea", "action_flag": 2, "change_message": "[{\"added\": {\"name\": \"profile\", \"object\": \"korea Profile\"}}]"}}, {"model": "admin.logentry", "pk": 50, "fields": {"action_time": "2026-01-09T12:10:17.906Z", "user": 84, "content_type": 4, "object_id": "20", "object_repr": "test03", "action_flag": 2, "change_message": "[{\"added\": {\"name\": \"profile\", \"object\": \"test03 Profile\"}}]"}}, {"model": "admin.logentry", "pk": 51, "fields": {"action_time": "2026-01-09T12:10:42.019Z", "user": 84, "content_type": 4, "object_id": "81", "object_repr": "boolean", "action_flag": 2, "change_message": "[{\"added\": {\"name\": \"profile\", \"object\": \"boolean Profile\"}}]"}}, {"model": "admin.logentry", "pk": 52, "fields": {"action_time": "2026-01-09T12:11:12.107Z", "user": 84, "content_type": 4, "object_id": "73", "object_repr": "northkorea", "action_flag": 2, "change_message": "[{\"added\": {\"name\": \"profile\", \"object\": \"northkorea Profile\"}}]"}}, {"model": "admin.logentry", "pk": 53, "fields": {"action_time": "2026-01-09T12:11:46.689Z", "user": 84, "content_type": 4, "object_id": "83", "object_repr": "integer", "action_flag": 2, "change_message": "[{\"added\": {\"name\": \"profile\", \"object\": \"integer Profile\"}}]"}}, {"model": "admin.logentry", "pk": 54, "fields": {"action_time": "2026-01-09T12:12:12.147Z", "user": 84, "content_type": 4, "object_id": "47", "object_repr": "port", "action_flag": 2, "change_message": "[{\"added\": {\"name\": \"profile\", \"object\": \"port Profile\"}}]"}}, {"model": "admin.logentry", "pk": 55, "fields": {"action_time": "2026-01-09T12:12:41.383Z", "user": 84, "content_type": 4, "object_id": "22", "object_repr": "ahnyoujin", "action_flag": 2, "change_message": "[{\"added\": {\"name\": \"profile\", \"object\": \"ahnyoujin Profile\"}}]"}}, {"model": "admin.logentry", "pk": 56, "fields": {"action_time": "2026-01-09T12:13:01.190Z", "user": 84, "content_type": 4, "object_id": "49", "object_repr": "ipaddress", "action_flag": 2, "change_message": "[{\"added\": {\"name\": \"profile\", \"object\": \"ipaddress Profile\"}}]"}}, {"model": "admin.logentry", "pk": 57, "fields": {"action_time": "2026-01-09T12:13:23.276Z", "user": 84, "content_type": 4, "object_id": "62", "object_repr": "july", "action_flag": 2, "change_message": "[{\"added\": {\"name\": \"profile\", \"object\": \"july Profile\"}}]"}}, {"model": "admin.logentry", "pk": 58, "fields": {"action_time": "2026-01-09T12:13:51.968Z", "user": 84, "content_type": 4, "object_id": "44", "object_repr": "title", "action_flag": 2, "change_message": "[{\"added\": {\"name\": \"profile\", \"object\": \"title Profile\"}}]"}}, {"model": "admin.logentry", "pk": 59, "fields": {"action_time": "2026-01-09T12:14:19.222Z", "user": 84, "content_type": 4, "object_id": "66", "object_repr": "u2", "action_flag": 2, "change_message": "[]"}}, {"model": "admin.logentry", "pk": 60, "fields": {"action_time": "2026-01-09T12:14:43.398Z", "user": 84, "content_type": 4, "object_id": "66", "object_repr": "u2", "action_flag": 2, "change_message": "[{\"added\": {\"name\": \"profile\", \"object\": \"u2 Profile\"}}]"}}, {"model": "admin.logentry", "pk": 61, "fields": {"action_time": "2026-01-09T12:15:57.577Z", "user": 84, "content_type": 4, "object_id": "69", "object_repr": "jungle", "action_flag": 2, "change_message": "[{\"added\": {\"name\": \"profile\", \"object\": \"jungle Profile\"}}]"}}, {"model": "admin.logentry", "pk": 62, "fields": {"action_time": "2026-01-09T12:16:22.146Z", "user": 84, "content_type": 4, "object_id": "57", "object_repr": "get", "action_flag": 2, "change_message": "[{\"added\": {\"name\": \"profile\", \"object\": \"get Profile\"}}]"}}, {"model": "admin.logentry", "pk": 63, "fields": {"action_time": "2026-01-09T12:16:54.345Z", "user": 84, "content_type": 4, "object_id": "56", "object_repr": "apps", "action_flag": 2, "change_message": "[{\"added\": {\"name\": \"profile\", \"object\": \"apps Profile\"}}]"}}, {"model": "admin.logentry", "pk": 64, "fields": {"action_time": "2026-01-09T12:17:25.466Z", "user": 84, "content_type": 4, "object_id": "75", "object_repr": "canada", "action_flag": 2, "change_message": "[{\"added\": {\"name\": \"profile\", \"object\": \"canada Profile\"}}]"}}, {"model": "admin.logentry", "pk": 65, "fields": {"action_time": "2026-01-09T12:17:44.199Z", "user": 84, "content_type": 4, "object_id": "28", "object_repr": "mutallisk", "action_flag": 2, "change_message": "[{\"added\": {\"name\": \"profile\", \"object\": \"mutallisk Profile\"}}]"}}, {"model": "admin.logentry", "pk": 66, "fields": {"action_time": "2026-01-09T12:18:15.482Z", "user": 84, "content_type": 4, "object_id": "27", "object_repr": "terran", "action_flag": 2, "change_message": "[{\"added\": {\"name\": \"profile\", \"object\": \"terran Profile\"}}]"}}, {"model": "admin.logentry", "pk": 67, "fields": {"action_time": "2026-01-09T12:18:39.021Z", "user": 84, "content_type": 4, "object_id": "52", "object_repr": "site", "action_flag": 2, "change_message": "[{\"added\": {\"name\": \"profile\", \"object\": \"site Profile\"}}]"}}, {"model": "admin.logentry", "pk": 68, "fields": {"action_time": "2026-01-09T12:19:19.743Z", "user": 84, "content_type": 4, "object_id": "38", "object_repr": "cockpit", "action_flag": 2, "change_message": "[{\"added\": {\"name\": \"profile\", \"object\": \"cockpit Profile\"}}]"}}, {"model": "admin.logentry", "pk": 69, "fields": {"action_time": "2026-01-09T12:19:44.708Z", "user": 84, "content_type": 4, "object_id": "45", "object_repr": "comment", "action_flag": 2, "change_message": "[{\"added\": {\"name\": \"profile\", \"object\": \"comment Profile\"}}]"}}, {"model": "admin.logentry", "pk": 70, "fields": {"action_time": "2026-01-09T12:20:16.436Z", "user": 84, "content_type": 4, "object_id": "79", "object_repr": "love", "action_flag": 2, "change_message": "[{\"added\": {\"name\": \"profile\", \"object\": \"love Profile\"}}]"}}, {"model": "admin.logentry", "pk": 71, "fields": {"action_time": "2026-01-09T12:20:49.095Z", "user": 84, "content_type": 4, "object_id": "71", "object_repr": "china", "action_flag": 2, "change_message": "[{\"added\": {\"name\": \"profile\", \"object\": \"china Profile\"}}]"}}, {"model": "admin.logentry", "pk": 72, "fields": {"action_time": "2026-01-09T12:21:13.393Z", "user": 84, "content_type": 4, "object_id": "41", "object_repr": "aashley", "action_flag": 2, "change_message": "[{\"added\": {\"name\": \"profile\", \"object\": \"aashley Profile\"}}]"}}, {"model": "admin.logentry", "pk": 73, "fields": {"action_time": "2026-01-09T12:21:34.096Z", "user": 84, "content_type": 4, "object_id": "50", "object_repr": "localhost", "action_flag": 2, "change_message": "[{\"added\": {\"name\": \"profile\", \"object\": \"localhost Profile\"}}]"}}, {"model": "admin.logentry", "pk": 74, "fields": {"action_time": "2026-01-09T12:22:12.537Z", "user": 84, "content_type": 4, "object_id": "72", "object_repr": "vietnam", "action_flag": 2, "change_message": "[{\"added\": {\"name\": \"profile\", \"object\": \"vietnam Profile\"}}]"}}, {"model": "admin.logentry", "pk": 75, "fields": {"action_time": "2026-01-09T12:22:37.561Z", "user": 84, "content_type": 4, "object_id": "19", "object_repr": "test02", "action_flag": 2, "change_message": "[{\"added\": {\"name\": \"profile\", \"object\": \"test02 Profile\"}}]"}}, {"model": "admin.logentry", "pk": 76, "fields": {"action_time": "2026-01-09T12:23:44.006Z", "user": 84, "content_type": 4, "object_id": "80", "object_repr": "float", "action_flag": 2, "change_message": "[{\"added\": {\"name\": \"profile\", \"object\": \"float Profile\"}}]"}}, {"model": "admin.logentry", "pk": 77, "fields": {"action_time": "2026-01-09T12:24:34.951Z", "user": 84, "content_type": 4, "object_id": "43", "object_repr": "author", "action_flag": 2, "change_message": "[{\"added\": {\"name\": \"profile\", \"object\": \"author Profile\"}}]"}}, {"model": "admin.logentry", "pk": 78, "fields": {"action_time": "2026-01-09T12:24:56.205Z", "user": 84, "content_type": 4, "object_id": "23", "object_repr": "medic", "action_flag": 2, "change_message": "[{\"added\": {\"name\": \"profile\", \"object\": \"medic Profile\"}}]"}}, {"model": "admin.logentry", "pk": 79, "fields": {"action_time": "2026-01-09T12:25:26.456Z", "user": 84, "content_type": 4, "object_id": "78", "object_repr": "woman", "action_flag": 2, "change_message": "[{\"added\": {\"name\": \"profile\", \"object\": \"woman Profile\"}}]"}}, {"model": "admin.logentry", "pk": 80, "fields": {"action_time": "2026-01-09T12:26:03.335Z", "user": 84, "content_type": 4, "object_id": "31", "object_repr": "chowook", "action_flag": 2, "change_message": "[{\"added\": {\"name\": \"profile\", \"object\": \"chowook Profile\"}}]"}}, {"model": "admin.logentry", "pk": 81, "fields": {"action_time": "2026-01-09T12:26:48.304Z", "user": 84, "content_type": 4, "object_id": "60", "object_repr": "march", "action_flag": 2, "change_message": "[{\"added\": {\"name\": \"profile\", \"object\": \"march Profile\"}}]"}}, {"model": "admin.logentry", "pk": 82, "fields": {"action_time": "2026-01-09T12:27:27.379Z", "user": 84, "content_type": 4, "object_id": "68", "object_repr": "welcome", "action_flag": 2, "change_message": "[{\"added\": {\"name\": \"profile\", \"object\": \"welcome Profile\"}}]"}}, {"model": "admin.logentry", "pk": 83, "fields": {"action_time": "2026-01-09T12:28:32.064Z", "user": 84, "content_type": 4, "object_id": "2", "object_repr": "hero", "action_flag": 2, "change_message": "[{\"added\": {\"name\": \"profile\", \"object\": \"hero Profile\"}}]"}}, {"model": "admin.logentry", "pk": 84, "fields": {"action_time": "2026-01-09T12:29:46.481Z", "user": 84, "content_type": 4, "object_id": "65", "object_repr": "rain", "action_flag": 2, "change_message": "[{\"added\": {\"name\": \"profile\", \"object\": \"rain Profile\"}}]"}}, {"model": "admin.logentry", "pk": 85, "fields": {"action_time": "2026-01-09T12:30:21.681Z", "user": 84, "content_type": 4, "object_id": "39", "object_repr": "atom", "action_flag": 2, "change_message": "[{\"added\": {\"name\": \"profile\", \"object\": \"atom Profile\"}}]"}}, {"model": "admin.logentry", "pk": 86, "fields": {"action_time": "2026-01-09T12:30:35.759Z", "user": 84, "content_type": 4, "object_id": "53", "object_repr": "bootstrap", "action_flag": 2, "change_message": "[]"}}, {"model": "admin.logentry", "pk": 87, "fields": {"action_time": "2026-01-09T12:31:20.219Z", "user": 84, "content_type": 4, "object_id": "76", "object_repr": "inside", "action_flag": 2, "change_message": "[{\"added\": {\"name\": \"profile\", \"object\": \"inside Profile\"}}]"}}, {"model": "admin.logentry", "pk": 88, "fields": {"action_time": "2026-01-09T12:31:51.992Z", "user": 84, "content_type": 4, "object_id": "51", "object_repr": "remote", "action_flag": 2, "change_message": "[{\"added\": {\"name\": \"profile\", \"object\": \"remote Profile\"}}]"}}, {"model": "admin.logentry", "pk": 89, "fields": {"action_time": "2026-01-09T12:32:27.745Z", "user": 84, "content_type": 4, "object_id": "77", "object_repr": "man", "action_flag": 2, "change_message": "[{\"added\": {\"name\": \"profile\", \"object\": \"man Profile\"}}]"}}, {"model": "admin.logentry", "pk": 90, "fields": {"action_time": "2026-01-16T12:57:34.928Z", "user": 84, "content_type": 32, "object_id": "1", "object_repr": "book", "action_flag": 1, "change_message": "[{\"added\": {}}]"}}, {"model": "admin.logentry", "pk": 91, "fields": {"action_time": "2026-01-16T13:00:49.501Z", "user": 84, "content_type": 32, "object_id": "1", "object_repr": "book", "action_flag": 3, "change_message": ""}}, {"model": "admin.logentry", "pk": 92, "fields": {"action_time": "2026-01-16T13:00:59.670Z", "user": 84, "content_type": 32, "object_id": "2", "object_repr": "Books", "action_flag": 1, "change_message": "[{\"added\": {}}]"}}, {"model": "admin.logentry", "pk": 93, "fields": {"action_time": "2026-01-16T13:01:08.714Z", "user": 84, "content_type": 32, "object_id": "3", "object_repr": "Electronics", "action_flag": 1, "change_message": "[{\"added\": {}}]"}}, {"model": "admin.logentry", "pk": 94, "fields": {"action_time": "2026-01-16T13:01:14.767Z", "user": 84, "content_type": 32, "object_id": "4", "object_repr": "Clothing", "action_flag": 1, "change_message": "[{\"added\": {}}]"}}, {"model": "admin.logentry", "pk": 95, "fields": {"action_time": "2026-01-16T13:03:38.627Z", "user": 84, "content_type": 32, "object_id": "5", "object_repr": "Home Appliance", "action_flag": 1, "change_message": "[{\"added\": {}}]"}}, {"model": "admin.logentry", "pk": 96, "fields": {"action_time": "2026-01-16T13:03:56.358Z", "user": 84, "content_type": 32, "object_id": "6", "object_repr": "kitchen ware", "action_flag": 1, "change_message": "[{\"added\": {}}]"}}, {"model": "admin.logentry", "pk": 97, "fields": {"action_time": "2026-01-16T13:04:03.114Z", "user": 84, "content_type": 32, "object_id": "7", "object_repr": "Cosmetics", "action_flag": 1, "change_message": "[{\"added\": {}}]"}}, {"model": "admin.logentry", "pk": 98, "fields": {"action_time": "2026-01-16T13:04:08.672Z", "user": 84, "content_type": 32, "object_id": "8", "object_repr": "Sports", "action_flag": 1, "change_message": "[{\"added\": {}}]"}}, {"model": "admin.logentry", "pk": 99, "fields": {"action_time": "2026-01-16T13:04:14.672Z", "user": 84, "content_type": 32, "object_id": "9", "object_repr": "Travel", "action_flag": 1, "change_message": "[{\"added\": {}}]"}}, {"model": "admin.logentry", "pk": 100, "fields": {"action_time": "2026-01-16T13:04:20.375Z", "user": 84, "content_type": 32, "object_id": "10", "object_repr": "Animals", "action_flag": 1, "change_message": "[{\"added\": {}}]"}}, {"model": "admin.logentry", "pk": 101, "fields": {"action_time": "2026-01-16T13:05:13.926Z", "user": 84, "content_type": 32, "object_id": "11", "object_repr": "Phone and Accesseries", "action_flag": 1, "change_message": "[{\"added\": {}}]"}}, {"model": "admin.logentry", "pk": 102, "fields": {"action_time": "2026-01-16T13:05:39.168Z", "user": 84, "content_type": 32, "object_id": "8", "object_repr": "Sports ware", "action_flag": 2, "change_message": "[{\"changed\": {\"fields\": [\"Name\", \"Slug\"]}}]"}}, {"model": "admin.logentry", "pk": 103, "fields": {"action_time": "2026-01-17T02:15:02.916Z", "user": 84, "content_type": 33, "object_id": "1", "object_repr": "Clean Code: A Handbook of Agile Software Craftsmanship", "action_flag": 1, "change_message": "[{\"added\": {}}]"}}, {"model": "admin.logentry", "pk": 104, "fields": {"action_time": "2026-01-17T02:16:01.142Z", "user": 84, "content_type": 33, "object_id": "1", "object_repr": "Clean Code: A Handbook of Agile Software Craftsmanship", "action_flag": 2, "change_message": "[{\"changed\": {\"fields\": [\"Image\"]}}]"}}, {"model": "admin.logentry", "pk": 105, "fields": {"action_time": "2026-01-17T02:18:10.732Z", "user": 84, "content_type": 33, "object_id": "2", "object_repr": "Pride and Prejudice", "action_flag": 1, "change_message": "[{\"added\": {}}]"}}, {"model": "admin.logentry", "pk": 106, "fields": {"action_time": "2026-01-17T02:19:19.079Z", "user": 84, "content_type": 33, "object_id": "3", "object_repr": "1984", "action_flag": 1, "change_message": "[{\"added\": {}}]"}}, {"model": "admin.logentry", "pk": 107, "fields": {"action_time": "2026-01-17T02:20:41.371Z", "user": 84, "content_type": 33, "object_id": "4", "object_repr": "Animal Farm", "action_flag": 1, "change_message": "[{\"added\": {}}]"}}, {"model": "admin.logentry", "pk": 108, "fields": {"action_time": "2026-01-17T04:14:35.685Z", "user": 84, "content_type": 33, "object_id": "100", "object_repr": "bird", "action_flag": 2, "change_message": "[{\"changed\": {\"fields\": [\"Image\"]}}]"}}, {"model": "admin.logentry", "pk": 109, "fields": {"action_time": "2026-01-17T04:14:52.150Z", "user": 84, "content_type": 33, "object_id": "97", "object_repr": "cat", "action_flag": 2, "change_message": "[{\"changed\": {\"fields\": [\"Image\"]}}]"}}, {"model": "admin.logentry", "pk": 110, "fields": {"action_time": "2026-01-17T04:15:06.147Z", "user": 84, "content_type": 33, "object_id": "105", "object_repr": "cow", "action_flag": 2, "change_message": "[{\"changed\": {\"fields\": [\"Image\"]}}]"}}, {"model": "admin.logentry", "pk": 111, "fields": {"action_time": "2026-01-17T04:15:18.084Z", "user": 84, "content_type": 33, "object_id": "98", "object_repr": "dog", "action_flag": 2, "change_message": "[{\"changed\": {\"fields\": [\"Image\"]}}]"}}, {"model": "admin.logentry", "pk": 112, "fields": {"action_time": "2026-01-17T04:15:30.266Z", "user": 84, "content_type": 33, "object_id": "108", "object_repr": "duck", "action_flag": 2, "change_message": "[{\"changed\": {\"fields\": [\"Image\"]}}]"}}, {"model": "admin.logentry", "pk": 113, "fields": {"action_time": "2026-01-17T04:15:44.956Z", "user": 84, "content_type": 33, "object_id": "101", "object_repr": "fish", "action_flag": 2, "change_message": "[{\"changed\": {\"fields\": [\"Image\"]}}]"}}, {"model": "admin.logentry", "pk": 114, "fields": {"action_time": "2026-01-17T04:16:02.247Z", "user": 84, "content_type": 33, "object_id": "104", "object_repr": "horse", "action_flag": 2, "change_message": "[{\"changed\": {\"fields\": [\"Image\"]}}]"}}, {"model": "admin.logentry", "pk": 115, "fields": {"action_time": "2026-01-17T04:16:15.857Z", "user": 84, "content_type": 33, "object_id": "106", "object_repr": "pig", "action_flag": 2, "change_message": "[{\"changed\": {\"fields\": [\"Image\"]}}]"}}, {"model": "admin.logentry", "pk": 116, "fields": {"action_time": "2026-01-17T04:16:46.571Z", "user": 84, "content_type": 33, "object_id": "99", "object_repr": "rabbit", "action_flag": 2, "change_message": "[{\"changed\": {\"fields\": [\"Image\"]}}]"}}, {"model": "admin.logentry", "pk": 117, "fields": {"action_time": "2026-01-17T04:17:06.271Z", "user": 84, "content_type": 33, "object_id": "107", "object_repr": "sheep", "action_flag": 2, "change_message": "[{\"changed\": {\"fields\": [\"Image\"]}}]"}}, {"model": "admin.logentry", "pk": 118, "fields": {"action_time": "2026-01-17T04:17:12.430Z", "user": 84, "content_type": 33, "object_id": "103", "object_repr": "snake", "action_flag": 2, "change_message": "[]"}}, {"model": "admin.logentry", "pk": 119, "fields": {"action_time": "2026-01-17T04:17:25.839Z", "user": 84, "content_type": 33, "object_id": "103", "object_repr": "snake", "action_flag": 2, "change_message": "[{\"changed\": {\"fields\": [\"Image\"]}}]"}}, {"model": "admin.logentry", "pk": 120, "fields": {"action_time": "2026-01-17T04:17:45.929Z", "user": 84, "content_type": 33, "object_id": "102", "object_repr": "turtle", "action_flag": 2, "change_message": "[{\"changed\": {\"fields\": [\"Image\"]}}]"}}, {"model": "admin.logentry", "pk": 121, "fields": {"action_time": "2026-01-17T04:18:07.406Z", "user": 84, "content_type": 33, "object_id": "87", "object_repr": "computer dell", "action_flag": 2, "change_message": "[{\"changed\": {\"fields\": [\"Image\"]}}]"}}, {"model": "admin.logentry", "pk": 122, "fields": {"action_time": "2026-01-17T04:18:17.946Z", "user": 84, "content_type": 33, "object_id": "86", "object_repr": "computer hp", "action_flag": 2, "change_message": "[{\"changed\": {\"fields\": [\"Image\"]}}]"}}, {"model": "admin.logentry", "pk": 123, "fields": {"action_time": "2026-01-17T04:18:31.840Z", "user": 84, "content_type": 33, "object_id": "85", "object_repr": "computer lg", "action_flag": 2, "change_message": "[{\"changed\": {\"fields\": [\"Image\"]}}]"}}, {"model": "admin.logentry", "pk": 124, "fields": {"action_time": "2026-01-17T04:18:45.254Z", "user": 84, "content_type": 33, "object_id": "89", "object_repr": "iphone 12", "action_flag": 2, "change_message": "[{\"changed\": {\"fields\": [\"Image\"]}}]"}}, {"model": "admin.logentry", "pk": 125, "fields": {"action_time": "2026-01-17T04:18:57.109Z", "user": 84, "content_type": 33, "object_id": "88", "object_repr": "iphone 13", "action_flag": 2, "change_message": "[{\"changed\": {\"fields\": [\"Image\"]}}]"}}, {"model": "admin.logentry", "pk": 126, "fields": {"action_time": "2026-01-17T04:20:24.430Z", "user": 84, "content_type": 33, "object_id": "90", "object_repr": "iphone 14", "action_flag": 2, "change_message": "[{\"changed\": {\"fields\": [\"Image\"]}}]"}}, {"model": "admin.logentry", "pk": 127, "fields": {"action_time": "2026-01-17T04:20:43.417Z", "user": 84, "content_type": 33, "object_id": "91", "object_repr": "iphone 15", "action_flag": 2, "change_message": "[{\"changed\": {\"fields\": [\"Image\"]}}]"}}, {"model": "admin.logentry", "pk": 128, "fields": {"action_time": "2026-01-17T04:20:54.788Z", "user": 84, "content_type": 33, "object_id": "92", "object_repr": "iphone 16", "action_flag": 2, "change_message": "[{\"changed\": {\"fields\": [\"Image\"]}}]"}}, {"model": "admin.logentry", "pk": 129, "fields": {"action_time": "2026-01-17T04:21:06.819Z", "user": 84, "content_type": 33, "object_id": "93", "object_repr": "iphone 17", "action_flag": 2, "change_message": "[{\"changed\": {\"fields\": [\"Image\"]}}]"}}, {"model": "admin.logentry", "pk": 130, "fields": {"action_time": "2026-01-17T04:21:17.202Z", "user": 84, "content_type": 33, "object_id": "94", "object_repr": "iphone 18", "action_flag": 2, "change_message": "[{\"changed\": {\"fields\": [\"Image\"]}}]"}}, {"model": "admin.logentry", "pk": 131, "fields": {"action_time": "2026-01-17T04:21:28.059Z", "user": 84, "content_type": 33, "object_id": "95", "object_repr": "iphone 19", "action_flag": 2, "change_message": "[{\"changed\": {\"fields\": [\"Image\"]}}]"}}, {"model": "admin.logentry", "pk": 132, "fields": {"action_time": "2026-01-17T04:21:54.330Z", "user": 84, "content_type": 33, "object_id": "96", "object_repr": "iphone 20", "action_flag": 2, "change_message": "[{\"changed\": {\"fields\": [\"Image\"]}}]"}}, {"model": "admin.logentry", "pk": 133, "fields": {"action_time": "2026-01-17T04:22:14.719Z", "user": 84, "content_type": 33, "object_id": "27", "object_repr": "1984", "action_flag": 2, "change_message": "[{\"changed\": {\"fields\": [\"Image\"]}}]"}}, {"model": "admin.logentry", "pk": 134, "fields": {"action_time": "2026-01-17T04:22:27.351Z", "user": 84, "content_type": 33, "object_id": "33", "object_repr": "1Q84", "action_flag": 2, "change_message": "[{\"changed\": {\"fields\": [\"Image\"]}}]"}}, {"model": "admin.logentry", "pk": 135, "fields": {"action_time": "2026-01-17T04:22:45.071Z", "user": 84, "content_type": 33, "object_id": "41", "object_repr": "A Farewell to Arms", "action_flag": 2, "change_message": "[{\"changed\": {\"fields\": [\"Image\"]}}]"}}, {"model": "admin.logentry", "pk": 136, "fields": {"action_time": "2026-01-17T05:23:41.492Z", "user": 84, "content_type": 33, "object_id": "38", "object_repr": "A Room of One's Own", "action_flag": 2, "change_message": "[{\"changed\": {\"fields\": [\"Image\"]}}]"}}, {"model": "admin.logentry", "pk": 137, "fields": {"action_time": "2026-01-17T05:23:55.633Z", "user": 84, "content_type": 33, "object_id": "30", "object_repr": "And Then There Were None", "action_flag": 2, "change_message": "[{\"changed\": {\"fields\": [\"Image\"]}}]"}}, {"model": "admin.logentry", "pk": 138, "fields": {"action_time": "2026-01-17T05:24:16.764Z", "user": 84, "content_type": 33, "object_id": "42", "object_repr": "Adventures of Huckleberry Finn", "action_flag": 2, "change_message": "[{\"changed\": {\"fields\": [\"Image\"]}}]"}}, {"model": "admin.logentry", "pk": 139, "fields": {"action_time": "2026-01-17T05:24:29.058Z", "user": 84, "content_type": 33, "object_id": "28", "object_repr": "Animal Farm", "action_flag": 2, "change_message": "[{\"changed\": {\"fields\": [\"Image\"]}}]"}}, {"model": "admin.logentry", "pk": 140, "fields": {"action_time": "2026-01-17T05:24:42.126Z", "user": 84, "content_type": 33, "object_id": "46", "object_repr": "Anna Karenina", "action_flag": 2, "change_message": "[{\"changed\": {\"fields\": [\"Image\"]}}]"}}, {"model": "admin.logentry", "pk": 141, "fields": {"action_time": "2026-01-17T05:24:55.112Z", "user": 84, "content_type": 33, "object_id": "53", "object_repr": "Chronicle of a Death Foretold", "action_flag": 2, "change_message": "[{\"changed\": {\"fields\": [\"Image\"]}}]"}}, {"model": "admin.logentry", "pk": 142, "fields": {"action_time": "2026-01-17T05:25:06.548Z", "user": 84, "content_type": 33, "object_id": "23", "object_repr": "Clean Architecture: A Craftsman's Guide to Software Structure and Design", "action_flag": 2, "change_message": "[{\"changed\": {\"fields\": [\"Image\"]}}]"}}, {"model": "admin.logentry", "pk": 143, "fields": {"action_time": "2026-01-17T05:25:17.699Z", "user": 84, "content_type": 33, "object_id": "22", "object_repr": "Clean Code: A Handbook of Agile Software Craftsmanship", "action_flag": 2, "change_message": "[{\"changed\": {\"fields\": [\"Image\"]}}]"}}, {"model": "admin.logentry", "pk": 144, "fields": {"action_time": "2026-01-17T05:25:30.506Z", "user": 84, "content_type": 33, "object_id": "48", "object_repr": "Crime and Punishment", "action_flag": 2, "change_message": "[{\"changed\": {\"fields\": [\"Image\"]}}]"}}, {"model": "admin.logentry", "pk": 145, "fields": {"action_time": "2026-01-17T05:25:44.539Z", "user": 84, "content_type": 33, "object_id": "29", "object_repr": "Down and Out in Paris and London", "action_flag": 2, "change_message": "[{\"changed\": {\"fields\": [\"Image\"]}}]"}}, {"model": "admin.logentry", "pk": 146, "fields": {"action_time": "2026-01-17T05:25:56.687Z", "user": 84, "content_type": 33, "object_id": "26", "object_repr": "Emma", "action_flag": 2, "change_message": "[{\"changed\": {\"fields\": [\"Image\"]}}]"}}, {"model": "admin.logentry", "pk": 147, "fields": {"action_time": "2026-01-17T05:26:10.049Z", "user": 84, "content_type": 33, "object_id": "40", "object_repr": "For Whom the Bell Tolls", "action_flag": 2, "change_message": "[{\"changed\": {\"fields\": [\"Image\"]}}]"}}, {"model": "admin.logentry", "pk": 148, "fields": {"action_time": "2026-01-17T05:26:39.869Z", "user": 84, "content_type": 33, "object_id": "67", "object_repr": "하늘과 바람과 별과 시 (Sky, Wind, and Stars)", "action_flag": 2, "change_message": "[{\"changed\": {\"fields\": [\"Image\"]}}]"}}, {"model": "admin.logentry", "pk": 149, "fields": {"action_time": "2026-01-17T05:26:51.204Z", "user": 84, "content_type": 33, "object_id": "60", "object_repr": "토지 (Toji)", "action_flag": 2, "change_message": "[{\"changed\": {\"fields\": [\"Image\"]}}]"}}, {"model": "admin.logentry", "pk": 150, "fields": {"action_time": "2026-01-17T05:27:03.422Z", "user": 84, "content_type": 33, "object_id": "78", "object_repr": "즐거운 나의 집 (My Happy Home)", "action_flag": 2, "change_message": "[{\"changed\": {\"fields\": [\"Image\"]}}]"}}, {"model": "admin.logentry", "pk": 151, "fields": {"action_time": "2026-01-17T05:27:19.844Z", "user": 84, "content_type": 33, "object_id": "63", "object_repr": "오래된 정원 (The Old Garden)", "action_flag": 2, "change_message": "[{\"changed\": {\"fields\": [\"Image\"]}}]"}}, {"model": "admin.logentry", "pk": 152, "fields": {"action_time": "2026-01-17T05:27:38.727Z", "user": 84, "content_type": 33, "object_id": "69", "object_repr": "오감도 (Crow's Eye View)", "action_flag": 2, "change_message": "[{\"changed\": {\"fields\": [\"Image\"]}}]"}}, {"model": "admin.logentry", "pk": 153, "fields": {"action_time": "2026-01-17T05:27:53.232Z", "user": 84, "content_type": 33, "object_id": "65", "object_repr": "어디선가 나를 찾는 전화벨이 울리고 (I'll Be Right There)", "action_flag": 2, "change_message": "[{\"changed\": {\"fields\": [\"Image\"]}}]"}}, {"model": "admin.logentry", "pk": 154, "fields": {"action_time": "2026-01-17T05:28:06.126Z", "user": 84, "content_type": 33, "object_id": "71", "object_repr": "소년이 온다 (Human Acts)", "action_flag": 2, "change_message": "[{\"changed\": {\"fields\": [\"Image\"]}}]"}}, {"model": "admin.logentry", "pk": 155, "fields": {"action_time": "2026-01-17T05:28:16.899Z", "user": 84, "content_type": 33, "object_id": "74", "object_repr": "살인자의 기억법 (Memoir of a Murderer)", "action_flag": 2, "change_message": "[{\"changed\": {\"fields\": [\"Image\"]}}]"}}, {"model": "admin.logentry", "pk": 156, "fields": {"action_time": "2026-01-17T05:28:28.893Z", "user": 84, "content_type": 33, "object_id": "75", "object_repr": "빛의 제국 (Your Republic Is Calling You)", "action_flag": 2, "change_message": "[{\"changed\": {\"fields\": [\"Image\"]}}]"}}, {"model": "admin.logentry", "pk": 157, "fields": {"action_time": "2026-01-17T05:28:42.609Z", "user": 84, "content_type": 33, "object_id": "62", "object_repr": "바리데기 (Princess Bari)", "action_flag": 2, "change_message": "[{\"changed\": {\"fields\": [\"Image\"]}}]"}}, {"model": "admin.logentry", "pk": 158, "fields": {"action_time": "2026-01-17T05:30:56.070Z", "user": 84, "content_type": 33, "object_id": "109", "object_repr": "turkey", "action_flag": 2, "change_message": "[{\"changed\": {\"fields\": [\"Image\"]}}]"}}, {"model": "admin.logentry", "pk": 159, "fields": {"action_time": "2026-01-17T05:31:07.192Z", "user": 84, "content_type": 33, "object_id": "114", "object_repr": "독일", "action_flag": 2, "change_message": "[{\"changed\": {\"fields\": [\"Image\"]}}]"}}, {"model": "admin.logentry", "pk": 160, "fields": {"action_time": "2026-01-17T05:31:18.564Z", "user": 84, "content_type": 33, "object_id": "117", "object_repr": "러시아", "action_flag": 2, "change_message": "[{\"changed\": {\"fields\": [\"Image\"]}}]"}}, {"model": "admin.logentry", "pk": 161, "fields": {"action_time": "2026-01-17T05:31:28.709Z", "user": 84, "content_type": 33, "object_id": "110", "object_repr": "미국", "action_flag": 2, "change_message": "[{\"changed\": {\"fields\": [\"Image\"]}}]"}}, {"model": "admin.logentry", "pk": 162, "fields": {"action_time": "2026-01-17T05:31:39.451Z", "user": 84, "content_type": 33, "object_id": "123", "object_repr": "브라질", "action_flag": 2, "change_message": "[{\"changed\": {\"fields\": [\"Image\"]}}]"}}, {"model": "admin.logentry", "pk": 163, "fields": {"action_time": "2026-01-17T05:31:55.172Z", "user": 84, "content_type": 33, "object_id": "116", "object_repr": "스위스", "action_flag": 2, "change_message": "[{\"changed\": {\"fields\": [\"Image\"]}}]"}}, {"model": "admin.logentry", "pk": 164, "fields": {"action_time": "2026-01-17T05:32:07.370Z", "user": 84, "content_type": 33, "object_id": "121", "object_repr": "스페인", "action_flag": 2, "change_message": "[{\"changed\": {\"fields\": [\"Image\"]}}]"}}, {"model": "admin.logentry", "pk": 165, "fields": {"action_time": "2026-01-17T05:32:17.805Z", "user": 84, "content_type": 33, "object_id": "122", "object_repr": "아르헨티나", "action_flag": 2, "change_message": "[{\"changed\": {\"fields\": [\"Image\"]}}]"}}, {"model": "admin.logentry", "pk": 166, "fields": {"action_time": "2026-01-17T05:32:30.147Z", "user": 84, "content_type": 33, "object_id": "120", "object_repr": "영국", "action_flag": 2, "change_message": "[{\"changed\": {\"fields\": [\"Image\"]}}]"}}, {"model": "admin.logentry", "pk": 167, "fields": {"action_time": "2026-01-17T05:32:40.269Z", "user": 84, "content_type": 33, "object_id": "115", "object_repr": "이탈리아", "action_flag": 2, "change_message": "[{\"changed\": {\"fields\": [\"Image\"]}}]"}}, {"model": "admin.logentry", "pk": 168, "fields": {"action_time": "2026-01-17T05:32:49.931Z", "user": 84, "content_type": 33, "object_id": "112", "object_repr": "일본", "action_flag": 2, "change_message": "[{\"changed\": {\"fields\": [\"Image\"]}}]"}}, {"model": "admin.logentry", "pk": 169, "fields": {"action_time": "2026-01-17T05:33:00.905Z", "user": 84, "content_type": 33, "object_id": "111", "object_repr": "중국", "action_flag": 2, "change_message": "[{\"changed\": {\"fields\": [\"Image\"]}}]"}}, {"model": "admin.logentry", "pk": 170, "fields": {"action_time": "2026-01-17T05:33:11.660Z", "user": 84, "content_type": 33, "object_id": "118", "object_repr": "캐나다", "action_flag": 2, "change_message": "[{\"changed\": {\"fields\": [\"Image\"]}}]"}}, {"model": "admin.logentry", "pk": 171, "fields": {"action_time": "2026-01-17T05:33:22.497Z", "user": 84, "content_type": 33, "object_id": "113", "object_repr": "프랑스", "action_flag": 2, "change_message": "[{\"changed\": {\"fields\": [\"Image\"]}}]"}}, {"model": "admin.logentry", "pk": 172, "fields": {"action_time": "2026-01-17T05:33:41.707Z", "user": 84, "content_type": 33, "object_id": "119", "object_repr": "호주", "action_flag": 2, "change_message": "[{\"changed\": {\"fields\": [\"Image\"]}}]"}}, {"model": "admin.logentry", "pk": 173, "fields": {"action_time": "2026-01-17T05:49:02.679Z", "user": 84, "content_type": 33, "object_id": "60", "object_repr": "토지 (Toji)", "action_flag": 2, "change_message": "[{\"changed\": {\"fields\": [\"Slug\"]}}]"}}, {"model": "admin.logentry", "pk": 174, "fields": {"action_time": "2026-01-17T05:50:45.939Z", "user": 84, "content_type": 33, "object_id": "114", "object_repr": "독일", "action_flag": 2, "change_message": "[{\"changed\": {\"fields\": [\"Slug\"]}}]"}}, {"model": "admin.logentry", "pk": 175, "fields": {"action_time": "2026-01-17T06:02:39.955Z", "user": 84, "content_type": 33, "object_id": "114", "object_repr": "독일", "action_flag": 3, "change_message": ""}}, {"model": "auth.permission", "pk": 1, "fields": {"name": "Can add log entry", "content_type": 1, "codename": "add_logentry"}}, {"model": "auth.permission", "pk": 2, "fields": {"name": "Can change log entry", "content_type": 1, "codename": "change_logentry"}}, {"model": "auth.permission", "pk": 3, "fields": {"name": "Can delete log entry", "content_type": 1, "codename": "delete_logentry"}}, {"model": "auth.permission", "pk": 4, "fields": {"name": "Can view log entry", "content_type": 1, "codename": "view_logentry"}}, {"model": "auth.permission", "pk": 5, "fields": {"name": "Can add permission", "content_type": 2, "codename": "add_permission"}}, {"model": "auth.permission", "pk": 6, "fields": {"name": "Can change permission", "content_type": 2, "codename": "change_permission"}}, {"model": "auth.permission", "pk": 7, "fields": {"name": "Can delete permission", "content_type": 2, "codename": "delete_permission"}}, {"model": "auth.permission", "pk": 8, "fields": {"name": "Can view permission", "content_type": 2, "codename": "view_permission"}}, {"model": "auth.permission", "pk": 9, "fields": {"name": "Can add group", "content_type": 3, "codename": "add_group"}}, {"model": "auth.permission", "pk": 10, "fields": {"name": "Can change group", "content_type": 3, "codename": "change_group"}}, {"model": "auth.permission", "pk": 11, "fields": {"name": "Can delete group", "content_type": 3, "codename": "delete_group"}}, {"model": "auth.permission", "pk": 12, "fields": {"name": "Can view group", "content_type": 3, "codename": "view_group"}}, {"model": "auth.permission", "pk": 13, "fields": {"name": "Can add user", "content_type": 4, "codename": "add_user"}}, {"model": "auth.permission", "pk": 14, "fields": {"name": "Can change user", "content_type": 4, "codename": "change_user"}}, {"model": "auth.permission", "pk": 15, "fields": {"name": "Can delete user", "content_type": 4, "codename": "delete_user"}}, {"model": "auth.permission", "pk": 16, "fields": {"name": "Can view user", "content_type": 4, "codename": "view_user"}}, {"model": "auth.permission", "pk": 17, "fields": {"name": "Can add content type", "content_type": 5, "codename": "add_contenttype"}}, {"model": "auth.permission", "pk": 18, "fields": {"name": "Can change content type", "content_type": 5, "codename": "change_contenttype"}}, {"model": "auth.permission", "pk": 19, "fields": {"name": "Can delete content type", "content_type": 5, "codename": "delete_contenttype"}}, {"model": "auth.permission", "pk": 20, "fields": {"name": "Can view content type", "content_type": 5, "codename": "view_contenttype"}}, {"model": "auth.permission", "pk": 21, "fields": {"name": "Can add session", "content_type": 6, "codename": "add_session"}}, {"model": "auth.permission", "pk": 22, "fields": {"name": "Can change session", "content_type": 6, "codename": "change_session"}}, {"model": "auth.permission", "pk": 23, "fields": {"name": "Can delete session", "content_type": 6, "codename": "delete_session"}}, {"model": "auth.permission", "pk": 24, "fields": {"name": "Can view session", "content_type": 6, "codename": "view_session"}}, {"model": "auth.permission", "pk": 25, "fields": {"name": "Can add network usage", "content_type": 7, "codename": "add_networkusage"}}, {"model": "auth.permission", "pk": 26, "fields": {"name": "Can change network usage", "content_type": 7, "codename": "change_networkusage"}}, {"model": "auth.permission", "pk": 27, "fields": {"name": "Can delete network usage", "content_type": 7, "codename": "delete_networkusage"}}, {"model": "auth.permission", "pk": 28, "fields": {"name": "Can view network usage", "content_type": 7, "codename": "view_networkusage"}}, {"model": "auth.permission", "pk": 29, "fields": {"name": "Can add memory usage", "content_type": 8, "codename": "add_memoryusage"}}, {"model": "auth.permission", "pk": 30, "fields": {"name": "Can change memory usage", "content_type": 8, "codename": "change_memoryusage"}}, {"model": "auth.permission", "pk": 31, "fields": {"name": "Can delete memory usage", "content_type": 8, "codename": "delete_memoryusage"}}, {"model": "auth.permission", "pk": 32, "fields": {"name": "Can view memory usage", "content_type": 8, "codename": "view_memoryusage"}}, {"model": "auth.permission", "pk": 33, "fields": {"name": "Can add cpu usage", "content_type": 9, "codename": "add_cpuusage"}}, {"model": "auth.permission", "pk": 34, "fields": {"name": "Can change cpu usage", "content_type": 9, "codename": "change_cpuusage"}}, {"model": "auth.permission", "pk": 35, "fields": {"name": "Can delete cpu usage", "content_type": 9, "codename": "delete_cpuusage"}}, {"model": "auth.permission", "pk": 36, "fields": {"name": "Can view cpu usage", "content_type": 9, "codename": "view_cpuusage"}}, {"model": "auth.permission", "pk": 37, "fields": {"name": "Can add system log", "content_type": 10, "codename": "add_systemlog"}}, {"model": "auth.permission", "pk": 38, "fields": {"name": "Can change system log", "content_type": 10, "codename": "change_systemlog"}}, {"model": "auth.permission", "pk": 39, "fields": {"name": "Can delete system log", "content_type": 10, "codename": "delete_systemlog"}}, {"model": "auth.permission", "pk": 40, "fields": {"name": "Can view system log", "content_type": 10, "codename": "view_systemlog"}}, {"model": "auth.permission", "pk": 41, "fields": {"name": "Can add ssh info", "content_type": 11, "codename": "add_sshinfo"}}, {"model": "auth.permission", "pk": 42, "fields": {"name": "Can change ssh info", "content_type": 11, "codename": "change_sshinfo"}}, {"model": "auth.permission", "pk": 43, "fields": {"name": "Can delete ssh info", "content_type": 11, "codename": "delete_sshinfo"}}, {"model": "auth.permission", "pk": 44, "fields": {"name": "Can view ssh info", "content_type": 11, "codename": "view_sshinfo"}}, {"model": "auth.permission", "pk": 45, "fields": {"name": "Can add sysctl setting", "content_type": 12, "codename": "add_sysctlsetting"}}, {"model": "auth.permission", "pk": 46, "fields": {"name": "Can change sysctl setting", "content_type": 12, "codename": "change_sysctlsetting"}}, {"model": "auth.permission", "pk": 47, "fields": {"name": "Can delete sysctl setting", "content_type": 12, "codename": "delete_sysctlsetting"}}, {"model": "auth.permission", "pk": 48, "fields": {"name": "Can view sysctl setting", "content_type": 12, "codename": "view_sysctlsetting"}}, {"model": "auth.permission", "pk": 49, "fields": {"name": "Can add server info", "content_type": 13, "codename": "add_serverinfo"}}, {"model": "auth.permission", "pk": 50, "fields": {"name": "Can change server info", "content_type": 13, "codename": "change_serverinfo"}}, {"model": "auth.permission", "pk": 51, "fields": {"name": "Can delete server info", "content_type": 13, "codename": "delete_serverinfo"}}, {"model": "auth.permission", "pk": 52, "fields": {"name": "Can view server info", "content_type": 13, "codename": "view_serverinfo"}}, {"model": "auth.permission", "pk": 53, "fields": {"name": "Can add sysctl parameter", "content_type": 14, "codename": "add_sysctlparameter"}}, {"model": "auth.permission", "pk": 54, "fields": {"name": "Can change sysctl parameter", "content_type": 14, "codename": "change_sysctlparameter"}}, {"model": "auth.permission", "pk": 55, "fields": {"name": "Can delete sysctl parameter", "content_type": 14, "codename": "delete_sysctlparameter"}}, {"model": "auth.permission", "pk": 56, "fields": {"name": "Can view sysctl parameter", "content_type": 14, "codename": "view_sysctlparameter"}}, {"model": "auth.permission", "pk": 57, "fields": {"name": "Can add operator", "content_type": 15, "codename": "add_operator"}}, {"model": "auth.permission", "pk": 58, "fields": {"name": "Can change operator", "content_type": 15, "codename": "change_operator"}}, {"model": "auth.permission", "pk": 59, "fields": {"name": "Can delete operator", "content_type": 15, "codename": "delete_operator"}}, {"model": "auth.permission", "pk": 60, "fields": {"name": "Can view operator", "content_type": 15, "codename": "view_operator"}}, {"model": "auth.permission", "pk": 61, "fields": {"name": "Can add disk usage", "content_type": 16, "codename": "add_diskusage"}}, {"model": "auth.permission", "pk": 62, "fields": {"name": "Can change disk usage", "content_type": 16, "codename": "change_diskusage"}}, {"model": "auth.permission", "pk": 63, "fields": {"name": "Can delete disk usage", "content_type": 16, "codename": "delete_diskusage"}}, {"model": "auth.permission", "pk": 64, "fields": {"name": "Can view disk usage", "content_type": 16, "codename": "view_diskusage"}}, {"model": "auth.permission", "pk": 65, "fields": {"name": "Can add server role", "content_type": 17, "codename": "add_serverrole"}}, {"model": "auth.permission", "pk": 66, "fields": {"name": "Can change server role", "content_type": 17, "codename": "change_serverrole"}}, {"model": "auth.permission", "pk": 67, "fields": {"name": "Can delete server role", "content_type": 17, "codename": "delete_serverrole"}}, {"model": "auth.permission", "pk": 68, "fields": {"name": "Can view server role", "content_type": 17, "codename": "view_serverrole"}}, {"model": "auth.permission", "pk": 69, "fields": {"name": "Can add profile", "content_type": 18, "codename": "add_profile"}}, {"model": "auth.permission", "pk": 70, "fields": {"name": "Can change profile", "content_type": 18, "codename": "change_profile"}}, {"model": "auth.permission", "pk": 71, "fields": {"name": "Can delete profile", "content_type": 18, "codename": "delete_profile"}}, {"model": "auth.permission", "pk": 72, "fields": {"name": "Can view profile", "content_type": 18, "codename": "view_profile"}}, {"model": "auth.permission", "pk": 73, "fields": {"name": "Can add command", "content_type": 19, "codename": "add_command"}}, {"model": "auth.permission", "pk": 74, "fields": {"name": "Can change command", "content_type": 19, "codename": "change_command"}}, {"model": "auth.permission", "pk": 75, "fields": {"name": "Can delete command", "content_type": 19, "codename": "delete_command"}}, {"model": "auth.permission", "pk": 76, "fields": {"name": "Can view command", "content_type": 19, "codename": "view_command"}}, {"model": "auth.permission", "pk": 77, "fields": {"name": "Can add idol", "content_type": 20, "codename": "add_idol"}}, {"model": "auth.permission", "pk": 78, "fields": {"name": "Can change idol", "content_type": 20, "codename": "change_idol"}}, {"model": "auth.permission", "pk": 79, "fields": {"name": "Can delete idol", "content_type": 20, "codename": "delete_idol"}}, {"model": "auth.permission", "pk": 80, "fields": {"name": "Can view idol", "content_type": 20, "codename": "view_idol"}}, {"model": "auth.permission", "pk": 81, "fields": {"name": "Can add todo", "content_type": 21, "codename": "add_todo"}}, {"model": "auth.permission", "pk": 82, "fields": {"name": "Can change todo", "content_type": 21, "codename": "change_todo"}}, {"model": "auth.permission", "pk": 83, "fields": {"name": "Can delete todo", "content_type": 21, "codename": "delete_todo"}}, {"model": "auth.permission", "pk": 84, "fields": {"name": "Can view todo", "content_type": 21, "codename": "view_todo"}}, {"model": "auth.permission", "pk": 85, "fields": {"name": "Can add comment", "content_type": 22, "codename": "add_comment"}}, {"model": "auth.permission", "pk": 86, "fields": {"name": "Can change comment", "content_type": 22, "codename": "change_comment"}}, {"model": "auth.permission", "pk": 87, "fields": {"name": "Can delete comment", "content_type": 22, "codename": "delete_comment"}}, {"model": "auth.permission", "pk": 88, "fields": {"name": "Can view comment", "content_type": 22, "codename": "view_comment"}}, {"model": "auth.permission", "pk": 89, "fields": {"name": "Can add post", "content_type": 23, "codename": "add_post"}}, {"model": "auth.permission", "pk": 90, "fields": {"name": "Can change post", "content_type": 23, "codename": "change_post"}}, {"model": "auth.permission", "pk": 91, "fields": {"name": "Can delete post", "content_type": 23, "codename": "delete_post"}}, {"model": "auth.permission", "pk": 92, "fields": {"name": "Can view post", "content_type": 23, "codename": "view_post"}}, {"model": "auth.permission", "pk": 93, "fields": {"name": "Can add category", "content_type": 24, "codename": "add_category"}}, {"model": "auth.permission", "pk": 94, "fields": {"name": "Can change category", "content_type": 24, "codename": "change_category"}}, {"model": "auth.permission", "pk": 95, "fields": {"name": "Can delete category", "content_type": 24, "codename": "delete_category"}}, {"model": "auth.permission", "pk": 96, "fields": {"name": "Can view category", "content_type": 24, "codename": "view_category"}}, {"model": "auth.permission", "pk": 97, "fields": {"name": "Can add category", "content_type": 25, "codename": "add_category"}}, {"model": "auth.permission", "pk": 98, "fields": {"name": "Can change category", "content_type": 25, "codename": "change_category"}}, {"model": "auth.permission", "pk": 99, "fields": {"name": "Can delete category", "content_type": 25, "codename": "delete_category"}}, {"model": "auth.permission", "pk": 100, "fields": {"name": "Can view category", "content_type": 25, "codename": "view_category"}}, {"model": "auth.permission", "pk": 101, "fields": {"name": "Can add question", "content_type": 26, "codename": "add_question"}}, {"model": "auth.permission", "pk": 102, "fields": {"name": "Can change question", "content_type": 26, "codename": "change_question"}}, {"model": "auth.permission", "pk": 103, "fields": {"name": "Can delete question", "content_type": 26, "codename": "delete_question"}}, {"model": "auth.permission", "pk": 104, "fields": {"name": "Can view question", "content_type": 26, "codename": "view_question"}}, {"model": "auth.permission", "pk": 105, "fields": {"name": "Can add choice", "content_type": 27, "codename": "add_choice"}}, {"model": "auth.permission", "pk": 106, "fields": {"name": "Can change choice", "content_type": 27, "codename": "change_choice"}}, {"model": "auth.permission", "pk": 107, "fields": {"name": "Can delete choice", "content_type": 27, "codename": "delete_choice"}}, {"model": "auth.permission", "pk": 108, "fields": {"name": "Can view choice", "content_type": 27, "codename": "view_choice"}}, {"model": "auth.permission", "pk": 109, "fields": {"name": "Can add event", "content_type": 28, "codename": "add_event"}}, {"model": "auth.permission", "pk": 110, "fields": {"name": "Can change event", "content_type": 28, "codename": "change_event"}}, {"model": "auth.permission", "pk": 111, "fields": {"name": "Can delete event", "content_type": 28, "codename": "delete_event"}}, {"model": "auth.permission", "pk": 112, "fields": {"name": "Can view event", "content_type": 28, "codename": "view_event"}}, {"model": "auth.permission", "pk": 113, "fields": {"name": "Can add venue", "content_type": 29, "codename": "add_venue"}}, {"model": "auth.permission", "pk": 114, "fields": {"name": "Can change venue", "content_type": 29, "codename": "change_venue"}}, {"model": "auth.permission", "pk": 115, "fields": {"name": "Can delete venue", "content_type": 29, "codename": "delete_venue"}}, {"model": "auth.permission", "pk": 116, "fields": {"name": "Can view venue", "content_type": 29, "codename": "view_venue"}}, {"model": "auth.permission", "pk": 117, "fields": {"name": "Can add my club user", "content_type": 30, "codename": "add_myclubuser"}}, {"model": "auth.permission", "pk": 118, "fields": {"name": "Can change my club user", "content_type": 30, "codename": "change_myclubuser"}}, {"model": "auth.permission", "pk": 119, "fields": {"name": "Can delete my club user", "content_type": 30, "codename": "delete_myclubuser"}}, {"model": "auth.permission", "pk": 120, "fields": {"name": "Can view my club user", "content_type": 30, "codename": "view_myclubuser"}}, {"model": "auth.permission", "pk": 121, "fields": {"name": "Can add favorite", "content_type": 31, "codename": "add_favorite"}}, {"model": "auth.permission", "pk": 122, "fields": {"name": "Can change favorite", "content_type": 31, "codename": "change_favorite"}}, {"model": "auth.permission", "pk": 123, "fields": {"name": "Can delete favorite", "content_type": 31, "codename": "delete_favorite"}}, {"model": "auth.permission", "pk": 124, "fields": {"name": "Can view favorite", "content_type": 31, "codename": "view_favorite"}}, {"model": "auth.permission", "pk": 125, "fields": {"name": "Can add category", "content_type": 32, "codename": "add_category"}}, {"model": "auth.permission", "pk": 126, "fields": {"name": "Can change category", "content_type": 32, "codename": "change_category"}}, {"model": "auth.permission", "pk": 127, "fields": {"name": "Can delete category", "content_type": 32, "codename": "delete_category"}}, {"model": "auth.permission", "pk": 128, "fields": {"name": "Can view category", "content_type": 32, "codename": "view_category"}}, {"model": "auth.permission", "pk": 129, "fields": {"name": "Can add product", "content_type": 33, "codename": "add_product"}}, {"model": "auth.permission", "pk": 130, "fields": {"name": "Can change product", "content_type": 33, "codename": "change_product"}}, {"model": "auth.permission", "pk": 131, "fields": {"name": "Can delete product", "content_type": 33, "codename": "delete_product"}}, {"model": "auth.permission", "pk": 132, "fields": {"name": "Can view product", "content_type": 33, "codename": "view_product"}}, {"model": "auth.user", "pk": 1, "fields": {"password": "pbkdf2_sha256$1000000$P5wtlgxTTNyMFv8nZ3MqRo$Yqx8gyOogmVN6pcdBlCcgQzPR6Bhs4F31uc7Bs0fFek=", "last_login": "2026-01-10T01:14:39.770Z", "is_superuser": true, "username": "void", "first_name": "관용", "last_name": "김", "email": "void@gmail.com", "is_staff": true, "is_active": true, "date_joined": "2026-01-08T14:04:34Z", "groups": [], "user_permissions": []}}, {"model": "auth.user", "pk": 2, "fields": {"password": "pbkdf2_sha256$1000000$CLtufqYn2ecZukJO9j5TG7$LVt+Mo+bQHrHgGj4jKS++imSUtYKDvm4dZAJMRxjdDk=", "last_login": null, "is_superuser": true, "username": "hero", "first_name": "say", "last_name": "yes", "email": "hero@hero.com", "is_staff": true, "is_active": true, "date_joined": "2026-01-06T01:20:30Z", "groups": [], "user_permissions": []}}, {"model": "auth.user", "pk": 3, "fields": {"password": "pbkdf2_sha256$1000000$ECBIQXJk1MB0uwGVsEaa5H$31d8wAIHwZ2Xz34edAAvUL8GHtsVU3FrPNcztnzkJCQ=", "last_login": "2026-01-12T13:46:36.612Z", "is_superuser": false, "username": "kim", "first_name": "kwan", "last_name": "void", "email": "kim@kim.com", "is_staff": true, "is_active": true, "date_joined": "2024-11-23T01:20:30Z", "groups": [], "user_permissions": []}}, {"model": "auth.user", "pk": 4, "fields": {"password": "pbkdf2_sha256$1000000$ECBIQXJk1MB0uwGVsEaa5H$31d8wAIHwZ2Xz34edAAvUL8GHtsVU3FrPNcztnzkJCQ=", "last_login": "2026-01-09T16:03:41.202Z", "is_superuser": false, "username": "woo", "first_name": "woo", "last_name": "yaha", "email": "woo@monitor.com", "is_staff": true, "is_active": true, "date_joined": "2024-12-09T12:42:20Z", "groups": [], "user_permissions": []}}, {"model": "auth.user", "pk": 5, "fields": {"password": "pbkdf2_sha256$1000000$ECBIQXJk1MB0uwGVsEaa5H$31d8wAIHwZ2Xz34edAAvUL8GHtsVU3FrPNcztnzkJCQ=", "last_login": null, "is_superuser": false, "username": "dongwook", "first_name": "wook", "last_name": "dong", "email": "dong@opera.com", "is_staff": true, "is_active": true, "date_joined": "2024-12-09T12:42:20Z", "groups": [], "user_permissions": []}}, {"model": "auth.user", "pk": 6, "fields": {"password": "pbkdf2_sha256$1000000$ECBIQXJk1MB0uwGVsEaa5H$31d8wAIHwZ2Xz34edAAvUL8GHtsVU3FrPNcztnzkJCQ=", "last_login": null, "is_superuser": false, "username": "jinseo", "first_name": "jin", "last_name": "seo", "email": "jin@opera.com", "is_staff": true, "is_active": true, "date_joined": "2025-11-09T12:42:20Z", "groups": [], "user_permissions": []}}, {"model": "auth.user", "pk": 7, "fields": {"password": "pbkdf2_sha256$1000000$ECBIQXJk1MB0uwGVsEaa5H$31d8wAIHwZ2Xz34edAAvUL8GHtsVU3FrPNcztnzkJCQ=", "last_login": null, "is_superuser": false, "username": "idol", "first_name": "my", "last_name": "idol", "email": "dlongfoot4@cocolog-nifty.com", "is_staff": true, "is_active": true, "date_joined": "2025-11-09T12:42:20Z", "groups": [], "user_permissions": []}}, {"model": "auth.user", "pk": 8, "fields": {"password": "pbkdf2_sha256$1000000$ECBIQXJk1MB0uwGVsEaa5H$31d8wAIHwZ2Xz34edAAvUL8GHtsVU3FrPNcztnzkJCQ=", "last_login": null, "is_superuser": false, "username": "mytodos", "first_name": "나의", "last_name": "할일", "email": "mytodos@todo.com", "is_staff": true, "is_active": true, "date_joined": "2025-11-09T12:42:20Z", "groups": [], "user_permissions": []}}, {"model": "auth.user", "pk": 9, "fields": {"password": "pbkdf2_sha256$1000000$ECBIQXJk1MB0uwGVsEaa5H$31d8wAIHwZ2Xz34edAAvUL8GHtsVU3FrPNcztnzkJCQ=", "last_login": null, "is_superuser": false, "username": "blogs", "first_name": "Luigi", "last_name": "Cornborough", "email": "blog@squidoo.com", "is_staff": true, "is_active": true, "date_joined": "2025-11-09T12:42:20Z", "groups": [], "user_permissions": []}}, {"model": "auth.user", "pk": 10, "fields": {"password": "pbkdf2_sha256$1000000$ECBIQXJk1MB0uwGVsEaa5H$31d8wAIHwZ2Xz34edAAvUL8GHtsVU3FrPNcztnzkJCQ=", "last_login": null, "is_superuser": false, "username": "asct", "first_name": "manage", "last_name": "auto", "email": "asct@asct.com", "is_staff": true, "is_active": true, "date_joined": "2025-10-09T12:42:20Z", "groups": [], "user_permissions": []}}, {"model": "auth.user", "pk": 11, "fields": {"password": "pbkdf2_sha256$1000000$ECBIQXJk1MB0uwGVsEaa5H$31d8wAIHwZ2Xz34edAAvUL8GHtsVU3FrPNcztnzkJCQ=", "last_login": null, "is_superuser": false, "username": "store", "first_name": "ai", "last_name": "store", "email": "store@store.com", "is_staff": true, "is_active": true, "date_joined": "2025-10-09T12:42:20Z", "groups": [], "user_permissions": []}}, {"model": "auth.user", "pk": 12, "fields": {"password": "pbkdf2_sha256$1000000$ECBIQXJk1MB0uwGVsEaa5H$31d8wAIHwZ2Xz34edAAvUL8GHtsVU3FrPNcztnzkJCQ=", "last_login": null, "is_superuser": false, "username": "library", "first_name": "library", "last_name": "library", "email": "library@library.com", "is_staff": true, "is_active": true, "date_joined": "2025-10-09T12:42:20Z", "groups": [], "user_permissions": []}}, {"model": "auth.user", "pk": 13, "fields": {"password": "pbkdf2_sha256$1000000$ECBIQXJk1MB0uwGVsEaa5H$31d8wAIHwZ2Xz34edAAvUL8GHtsVU3FrPNcztnzkJCQ=", "last_login": null, "is_superuser": false, "username": "polls", "first_name": "make", "last_name": "polls", "email": "polls@polls.com", "is_staff": true, "is_active": true, "date_joined": "2025-10-09T12:42:20Z", "groups": [], "user_permissions": []}}, {"model": "auth.user", "pk": 14, "fields": {"password": "pbkdf2_sha256$1000000$ECBIQXJk1MB0uwGVsEaa5H$31d8wAIHwZ2Xz34edAAvUL8GHtsVU3FrPNcztnzkJCQ=", "last_login": null, "is_superuser": false, "username": "events", "first_name": "my", "last_name": "events", "email": "events@events.com", "is_staff": true, "is_active": true, "date_joined": "2025-12-09T12:42:20Z", "groups": [], "user_permissions": []}}, {"model": "auth.user", "pk": 15, "fields": {"password": "pbkdf2_sha256$1000000$ECBIQXJk1MB0uwGVsEaa5H$31d8wAIHwZ2Xz34edAAvUL8GHtsVU3FrPNcztnzkJCQ=", "last_login": null, "is_superuser": false, "username": "ive", "first_name": "ive", "last_name": "youjin", "email": "ive@ive.com", "is_staff": true, "is_active": true, "date_joined": "2025-12-09T12:42:20Z", "groups": [], "user_permissions": []}}, {"model": "auth.user", "pk": 16, "fields": {"password": "pbkdf2_sha256$1000000$ECBIQXJk1MB0uwGVsEaa5H$31d8wAIHwZ2Xz34edAAvUL8GHtsVU3FrPNcztnzkJCQ=", "last_login": null, "is_superuser": false, "username": "blackpink", "first_name": "black", "last_name": "pink", "email": "blackpink@blackpink.com", "is_staff": true, "is_active": true, "date_joined": "2025-12-09T12:42:20Z", "groups": [], "user_permissions": []}}, {"model": "auth.user", "pk": 17, "fields": {"password": "pbkdf2_sha256$1000000$ECBIQXJk1MB0uwGVsEaa5H$31d8wAIHwZ2Xz34edAAvUL8GHtsVU3FrPNcztnzkJCQ=", "last_login": null, "is_superuser": false, "username": "sulhyun", "first_name": "suly", "last_name": "hyun", "email": "sulhyun@sulhyun.com", "is_staff": true, "is_active": true, "date_joined": "2025-12-09T12:42:20Z", "groups": [], "user_permissions": []}}, {"model": "auth.user", "pk": 18, "fields": {"password": "pbkdf2_sha256$1000000$ECBIQXJk1MB0uwGVsEaa5H$31d8wAIHwZ2Xz34edAAvUL8GHtsVU3FrPNcztnzkJCQ=", "last_login": null, "is_superuser": false, "username": "test01", "first_name": "Alix", "last_name": "Thowless", "email": "athowlessn@php.net", "is_staff": false, "is_active": true, "date_joined": "2025-12-09T12:42:20Z", "groups": [], "user_permissions": []}}, {"model": "auth.user", "pk": 19, "fields": {"password": "pbkdf2_sha256$1000000$ECBIQXJk1MB0uwGVsEaa5H$31d8wAIHwZ2Xz34edAAvUL8GHtsVU3FrPNcztnzkJCQ=", "last_login": null, "is_superuser": false, "username": "test02", "first_name": "Koo", "last_name": "Carette", "email": "kcaretteo@icq.com", "is_staff": false, "is_active": true, "date_joined": "2025-12-09T12:42:20Z", "groups": [], "user_permissions": []}}, {"model": "auth.user", "pk": 20, "fields": {"password": "pbkdf2_sha256$1000000$ECBIQXJk1MB0uwGVsEaa5H$31d8wAIHwZ2Xz34edAAvUL8GHtsVU3FrPNcztnzkJCQ=", "last_login": null, "is_superuser": false, "username": "test03", "first_name": "Valli", "last_name": "De L'Isle", "email": "vdelislep@virginia.edu", "is_staff": false, "is_active": true, "date_joined": "2025-12-09T12:42:20Z", "groups": [], "user_permissions": []}}, {"model": "auth.user", "pk": 21, "fields": {"password": "pbkdf2_sha256$1000000$ECBIQXJk1MB0uwGVsEaa5H$31d8wAIHwZ2Xz34edAAvUL8GHtsVU3FrPNcztnzkJCQ=", "last_login": null, "is_superuser": false, "username": "gominsee", "first_name": "Hannah", "last_name": "Sterman", "email": "hstermanq@ca.gov", "is_staff": false, "is_active": true, "date_joined": "2025-12-09T12:42:20Z", "groups": [], "user_permissions": []}}, {"model": "auth.user", "pk": 22, "fields": {"password": "pbkdf2_sha256$1000000$ECBIQXJk1MB0uwGVsEaa5H$31d8wAIHwZ2Xz34edAAvUL8GHtsVU3FrPNcztnzkJCQ=", "last_login": null, "is_superuser": false, "username": "ahnyoujin", "first_name": "Hamid", "last_name": "Jeaycock", "email": "hjeaycockr@dion.ne.jp", "is_staff": false, "is_active": true, "date_joined": "2025-12-09T12:42:20Z", "groups": [], "user_permissions": []}}, {"model": "auth.user", "pk": 23, "fields": {"password": "pbkdf2_sha256$1000000$ECBIQXJk1MB0uwGVsEaa5H$31d8wAIHwZ2Xz34edAAvUL8GHtsVU3FrPNcztnzkJCQ=", "last_login": null, "is_superuser": false, "username": "medic", "first_name": "Annamaria", "last_name": "Gleadhall", "email": "agleadhalls@wisc.edu", "is_staff": false, "is_active": true, "date_joined": "2025-12-09T12:42:20Z", "groups": [], "user_permissions": []}}, {"model": "auth.user", "pk": 24, "fields": {"password": "pbkdf2_sha256$1000000$ECBIQXJk1MB0uwGVsEaa5H$31d8wAIHwZ2Xz34edAAvUL8GHtsVU3FrPNcztnzkJCQ=", "last_login": null, "is_superuser": false, "username": "zillert", "first_name": "Nonah", "last_name": "Miche", "email": "nmichet@ning.com", "is_staff": false, "is_active": true, "date_joined": "2025-12-09T12:42:20Z", "groups": [], "user_permissions": []}}, {"model": "auth.user", "pk": 25, "fields": {"password": "pbkdf2_sha256$1000000$ECBIQXJk1MB0uwGVsEaa5H$31d8wAIHwZ2Xz34edAAvUL8GHtsVU3FrPNcztnzkJCQ=", "last_login": null, "is_superuser": false, "username": "protos", "first_name": "Helli", "last_name": "Detoc", "email": "hdetocu@a8.net", "is_staff": false, "is_active": true, "date_joined": "2025-12-09T12:42:20Z", "groups": [], "user_permissions": []}}, {"model": "auth.user", "pk": 26, "fields": {"password": "pbkdf2_sha256$1000000$ECBIQXJk1MB0uwGVsEaa5H$31d8wAIHwZ2Xz34edAAvUL8GHtsVU3FrPNcztnzkJCQ=", "last_login": null, "is_superuser": false, "username": "zerg", "first_name": "Bernadette", "last_name": "Klimuk", "email": "bklimukv@addtoany.com", "is_staff": false, "is_active": true, "date_joined": "2025-12-09T12:42:20Z", "groups": [], "user_permissions": []}}, {"model": "auth.user", "pk": 27, "fields": {"password": "pbkdf2_sha256$1000000$ECBIQXJk1MB0uwGVsEaa5H$31d8wAIHwZ2Xz34edAAvUL8GHtsVU3FrPNcztnzkJCQ=", "last_login": null, "is_superuser": false, "username": "terran", "first_name": "Terrell", "last_name": "Vanelli", "email": "tvanelliw@tmall.com", "is_staff": false, "is_active": true, "date_joined": "2025-12-09T12:42:20Z", "groups": [], "user_permissions": []}}, {"model": "auth.user", "pk": 28, "fields": {"password": "pbkdf2_sha256$1000000$ECBIQXJk1MB0uwGVsEaa5H$31d8wAIHwZ2Xz34edAAvUL8GHtsVU3FrPNcztnzkJCQ=", "last_login": null, "is_superuser": false, "username": "mutallisk", "first_name": "Traver", "last_name": "Compfort", "email": "tcompfortx@tinypic.com", "is_staff": false, "is_active": true, "date_joined": "2025-12-09T12:42:20Z", "groups": [], "user_permissions": []}}, {"model": "auth.user", "pk": 29, "fields": {"password": "pbkdf2_sha256$1000000$ECBIQXJk1MB0uwGVsEaa5H$31d8wAIHwZ2Xz34edAAvUL8GHtsVU3FrPNcztnzkJCQ=", "last_login": null, "is_superuser": false, "username": "overload", "first_name": "Wald", "last_name": "Tapner", "email": "wtapnery@virginia.edu", "is_staff": false, "is_active": true, "date_joined": "2025-12-09T12:42:20Z", "groups": [], "user_permissions": []}}, {"model": "auth.user", "pk": 30, "fields": {"password": "pbkdf2_sha256$1000000$ECBIQXJk1MB0uwGVsEaa5H$31d8wAIHwZ2Xz34edAAvUL8GHtsVU3FrPNcztnzkJCQ=", "last_login": null, "is_superuser": false, "username": "pilen", "first_name": "Codee", "last_name": "Nowakowska", "email": "cnowakowskaz@buzzfeed.com", "is_staff": false, "is_active": true, "date_joined": "2025-12-09T12:42:20Z", "groups": [], "user_permissions": []}}, {"model": "auth.user", "pk": 31, "fields": {"password": "pbkdf2_sha256$1000000$ECBIQXJk1MB0uwGVsEaa5H$31d8wAIHwZ2Xz34edAAvUL8GHtsVU3FrPNcztnzkJCQ=", "last_login": null, "is_superuser": false, "username": "chowook", "first_name": "Godart", "last_name": "Meade", "email": "gmeade10@blogspot.com", "is_staff": false, "is_active": true, "date_joined": "2025-12-09T12:42:20Z", "groups": [], "user_permissions": []}}, {"model": "auth.user", "pk": 32, "fields": {"password": "pbkdf2_sha256$1000000$ECBIQXJk1MB0uwGVsEaa5H$31d8wAIHwZ2Xz34edAAvUL8GHtsVU3FrPNcztnzkJCQ=", "last_login": null, "is_superuser": false, "username": "almostnothing", "first_name": "Kiley", "last_name": "Fiddeman", "email": "kfiddeman11@mayoclinic.com", "is_staff": false, "is_active": true, "date_joined": "2025-12-09T12:42:20Z", "groups": [], "user_permissions": []}}, {"model": "auth.user", "pk": 33, "fields": {"password": "pbkdf2_sha256$1000000$ECBIQXJk1MB0uwGVsEaa5H$31d8wAIHwZ2Xz34edAAvUL8GHtsVU3FrPNcztnzkJCQ=", "last_login": null, "is_superuser": false, "username": "youseemin", "first_name": "Barth", "last_name": "Reitenbach", "email": "breitenbach12@chron.com", "is_staff": false, "is_active": true, "date_joined": "2025-12-09T12:42:20Z", "groups": [], "user_permissions": []}}, {"model": "auth.user", "pk": 34, "fields": {"password": "pbkdf2_sha256$1000000$ECBIQXJk1MB0uwGVsEaa5H$31d8wAIHwZ2Xz34edAAvUL8GHtsVU3FrPNcztnzkJCQ=", "last_login": null, "is_superuser": false, "username": "mbc", "first_name": "Genia", "last_name": "Lambswood", "email": "glambswood13@arstechnica.com", "is_staff": false, "is_active": true, "date_joined": "2025-12-09T12:42:20Z", "groups": [], "user_permissions": []}}, {"model": "auth.user", "pk": 35, "fields": {"password": "pbkdf2_sha256$1000000$ECBIQXJk1MB0uwGVsEaa5H$31d8wAIHwZ2Xz34edAAvUL8GHtsVU3FrPNcztnzkJCQ=", "last_login": null, "is_superuser": false, "username": "jurdge", "first_name": "Regen", "last_name": "Douce", "email": "rdouce14@opera.com", "is_staff": false, "is_active": true, "date_joined": "2025-12-09T12:42:20Z", "groups": [], "user_permissions": []}}, {"model": "auth.user", "pk": 36, "fields": {"password": "pbkdf2_sha256$1000000$ECBIQXJk1MB0uwGVsEaa5H$31d8wAIHwZ2Xz34edAAvUL8GHtsVU3FrPNcztnzkJCQ=", "last_login": null, "is_superuser": false, "username": "bread", "first_name": "Bogey", "last_name": "Read", "email": "bread15@zimbio.com", "is_staff": false, "is_active": true, "date_joined": "2025-12-09T12:42:20Z", "groups": [], "user_permissions": []}}, {"model": "auth.user", "pk": 37, "fields": {"password": "pbkdf2_sha256$1000000$ECBIQXJk1MB0uwGVsEaa5H$31d8wAIHwZ2Xz34edAAvUL8GHtsVU3FrPNcztnzkJCQ=", "last_login": null, "is_superuser": false, "username": "more", "first_name": "Tremaine", "last_name": "Blakemore", "email": "tblakemore16@desdev.cn", "is_staff": false, "is_active": true, "date_joined": "2025-12-09T12:42:20Z", "groups": [], "user_permissions": []}}, {"model": "auth.user", "pk": 38, "fields": {"password": "pbkdf2_sha256$1000000$ECBIQXJk1MB0uwGVsEaa5H$31d8wAIHwZ2Xz34edAAvUL8GHtsVU3FrPNcztnzkJCQ=", "last_login": null, "is_superuser": false, "username": "cockpit", "first_name": "Valina", "last_name": "Willcock", "email": "vwillcock17@delicious.com", "is_staff": false, "is_active": true, "date_joined": "2025-12-09T12:42:20Z", "groups": [], "user_permissions": []}}, {"model": "auth.user", "pk": 39, "fields": {"password": "pbkdf2_sha256$1000000$ECBIQXJk1MB0uwGVsEaa5H$31d8wAIHwZ2Xz34edAAvUL8GHtsVU3FrPNcztnzkJCQ=", "last_login": null, "is_superuser": false, "username": "atom", "first_name": "Abigail", "last_name": "Tombleson", "email": "atombleson18@g.co", "is_staff": false, "is_active": true, "date_joined": "2025-12-09T12:42:20Z", "groups": [], "user_permissions": []}}, {"model": "auth.user", "pk": 40, "fields": {"password": "pbkdf2_sha256$1000000$ECBIQXJk1MB0uwGVsEaa5H$31d8wAIHwZ2Xz34edAAvUL8GHtsVU3FrPNcztnzkJCQ=", "last_login": null, "is_superuser": false, "username": "category", "first_name": "Vinson", "last_name": "Wharrier", "email": "vwharrier19@simplemachines.org", "is_staff": false, "is_active": true, "date_joined": "2025-12-09T12:42:20Z", "groups": [], "user_permissions": []}}, {"model": "auth.user", "pk": 41, "fields": {"password": "pbkdf2_sha256$1000000$ECBIQXJk1MB0uwGVsEaa5H$31d8wAIHwZ2Xz34edAAvUL8GHtsVU3FrPNcztnzkJCQ=", "last_login": null, "is_superuser": false, "username": "aashley", "first_name": "Angeline", "last_name": "Ashley", "email": "aashley1a@ucsd.edu", "is_staff": false, "is_active": true, "date_joined": "2025-12-09T12:42:20Z", "groups": [], "user_permissions": []}}, {"model": "auth.user", "pk": 42, "fields": {"password": "pbkdf2_sha256$1000000$ECBIQXJk1MB0uwGVsEaa5H$31d8wAIHwZ2Xz34edAAvUL8GHtsVU3FrPNcztnzkJCQ=", "last_login": null, "is_superuser": false, "username": "search", "first_name": "Doyle", "last_name": "Sjollema", "email": "dsjollema1b@phoca.cz", "is_staff": false, "is_active": true, "date_joined": "2025-12-09T12:42:20Z", "groups": [], "user_permissions": []}}, {"model": "auth.user", "pk": 43, "fields": {"password": "pbkdf2_sha256$1000000$ECBIQXJk1MB0uwGVsEaa5H$31d8wAIHwZ2Xz34edAAvUL8GHtsVU3FrPNcztnzkJCQ=", "last_login": null, "is_superuser": false, "username": "author", "first_name": "Caty", "last_name": "Zelland", "email": "czelland1c@sbwire.com", "is_staff": false, "is_active": true, "date_joined": "2025-12-09T12:42:20Z", "groups": [], "user_permissions": []}}, {"model": "auth.user", "pk": 44, "fields": {"password": "pbkdf2_sha256$1000000$ECBIQXJk1MB0uwGVsEaa5H$31d8wAIHwZ2Xz34edAAvUL8GHtsVU3FrPNcztnzkJCQ=", "last_login": null, "is_superuser": false, "username": "title", "first_name": "Darrick", "last_name": "McAteer", "email": "dmcateer1d@jiathis.com", "is_staff": false, "is_active": true, "date_joined": "2025-12-09T12:42:20Z", "groups": [], "user_permissions": []}}, {"model": "auth.user", "pk": 45, "fields": {"password": "pbkdf2_sha256$1000000$ECBIQXJk1MB0uwGVsEaa5H$31d8wAIHwZ2Xz34edAAvUL8GHtsVU3FrPNcztnzkJCQ=", "last_login": null, "is_superuser": false, "username": "comment", "first_name": "Luigi", "last_name": "Ellissen", "email": "lellissen1e@shutterfly.com", "is_staff": false, "is_active": true, "date_joined": "2025-12-09T12:42:20Z", "groups": [], "user_permissions": []}}, {"model": "auth.user", "pk": 46, "fields": {"password": "pbkdf2_sha256$1000000$ECBIQXJk1MB0uwGVsEaa5H$31d8wAIHwZ2Xz34edAAvUL8GHtsVU3FrPNcztnzkJCQ=", "last_login": null, "is_superuser": false, "username": "choyugung", "first_name": "Alick", "last_name": "Bulle", "email": "abulle1f@tinypic.com", "is_staff": false, "is_active": true, "date_joined": "2025-12-09T12:42:20Z", "groups": [], "user_permissions": []}}, {"model": "auth.user", "pk": 47, "fields": {"password": "pbkdf2_sha256$1000000$ECBIQXJk1MB0uwGVsEaa5H$31d8wAIHwZ2Xz34edAAvUL8GHtsVU3FrPNcztnzkJCQ=", "last_login": null, "is_superuser": false, "username": "port", "first_name": "Cesare", "last_name": "Sanpere", "email": "csanpere1g@yelp.com", "is_staff": false, "is_active": true, "date_joined": "2025-12-09T12:42:20Z", "groups": [], "user_permissions": []}}, {"model": "auth.user", "pk": 48, "fields": {"password": "pbkdf2_sha256$1000000$ECBIQXJk1MB0uwGVsEaa5H$31d8wAIHwZ2Xz34edAAvUL8GHtsVU3FrPNcztnzkJCQ=", "last_login": null, "is_superuser": false, "username": "network", "first_name": "Bruis", "last_name": "Newlyn", "email": "bnewlyn1h@odnoklassniki.ru", "is_staff": false, "is_active": true, "date_joined": "2025-12-09T12:42:20Z", "groups": [], "user_permissions": []}}, {"model": "auth.user", "pk": 49, "fields": {"password": "pbkdf2_sha256$1000000$ECBIQXJk1MB0uwGVsEaa5H$31d8wAIHwZ2Xz34edAAvUL8GHtsVU3FrPNcztnzkJCQ=", "last_login": null, "is_superuser": false, "username": "ipaddress", "first_name": "Quinn", "last_name": "Shills", "email": "qshills1i@google.com.hk", "is_staff": false, "is_active": true, "date_joined": "2025-12-09T12:42:20Z", "groups": [], "user_permissions": []}}, {"model": "auth.user", "pk": 50, "fields": {"password": "pbkdf2_sha256$1000000$ECBIQXJk1MB0uwGVsEaa5H$31d8wAIHwZ2Xz34edAAvUL8GHtsVU3FrPNcztnzkJCQ=", "last_login": null, "is_superuser": false, "username": "localhost", "first_name": "Horacio", "last_name": "Halkyard", "email": "hhalkyard1j@nydailynews.com", "is_staff": false, "is_active": true, "date_joined": "2025-12-09T12:42:20Z", "groups": [], "user_permissions": []}}, {"model": "auth.user", "pk": 51, "fields": {"password": "pbkdf2_sha256$1000000$ECBIQXJk1MB0uwGVsEaa5H$31d8wAIHwZ2Xz34edAAvUL8GHtsVU3FrPNcztnzkJCQ=", "last_login": null, "is_superuser": false, "username": "remote", "first_name": "Kennan", "last_name": "Featenby", "email": "kfeatenby1k@state.tx.us", "is_staff": false, "is_active": true, "date_joined": "2025-12-09T12:42:20Z", "groups": [], "user_permissions": []}}, {"model": "auth.user", "pk": 52, "fields": {"password": "pbkdf2_sha256$1000000$ECBIQXJk1MB0uwGVsEaa5H$31d8wAIHwZ2Xz34edAAvUL8GHtsVU3FrPNcztnzkJCQ=", "last_login": null, "is_superuser": false, "username": "site", "first_name": "Francis", "last_name": "Dallaghan", "email": "fdallaghan1l@163.com", "is_staff": false, "is_active": true, "date_joined": "2025-12-09T12:42:20Z", "groups": [], "user_permissions": []}}, {"model": "auth.user", "pk": 53, "fields": {"password": "pbkdf2_sha256$1000000$ECBIQXJk1MB0uwGVsEaa5H$31d8wAIHwZ2Xz34edAAvUL8GHtsVU3FrPNcztnzkJCQ=", "last_login": null, "is_superuser": false, "username": "bootstrap", "first_name": "Jone", "last_name": "Boshere", "email": "jboshere1m@51.la", "is_staff": false, "is_active": true, "date_joined": "2025-12-09T12:42:20Z", "groups": [], "user_permissions": []}}, {"model": "auth.user", "pk": 54, "fields": {"password": "pbkdf2_sha256$1000000$ECBIQXJk1MB0uwGVsEaa5H$31d8wAIHwZ2Xz34edAAvUL8GHtsVU3FrPNcztnzkJCQ=", "last_login": null, "is_superuser": false, "username": "django", "first_name": "Colene", "last_name": "Conyer", "email": "cconyer1n@indiatimes.com", "is_staff": false, "is_active": true, "date_joined": "2025-12-09T12:42:20Z", "groups": [], "user_permissions": []}}, {"model": "auth.user", "pk": 55, "fields": {"password": "pbkdf2_sha256$1000000$ECBIQXJk1MB0uwGVsEaa5H$31d8wAIHwZ2Xz34edAAvUL8GHtsVU3FrPNcztnzkJCQ=", "last_login": null, "is_superuser": false, "username": "http", "first_name": "Laurens", "last_name": "Delves", "email": "ldelves1o@chronoengine.com", "is_staff": false, "is_active": true, "date_joined": "2025-12-09T12:42:20Z", "groups": [], "user_permissions": []}}, {"model": "auth.user", "pk": 56, "fields": {"password": "pbkdf2_sha256$1000000$ECBIQXJk1MB0uwGVsEaa5H$31d8wAIHwZ2Xz34edAAvUL8GHtsVU3FrPNcztnzkJCQ=", "last_login": null, "is_superuser": false, "username": "apps", "first_name": "Janina", "last_name": "Silverthorne", "email": "jsilverthorne1p@ehow.com", "is_staff": false, "is_active": true, "date_joined": "2025-12-09T12:42:20Z", "groups": [], "user_permissions": []}}, {"model": "auth.user", "pk": 57, "fields": {"password": "pbkdf2_sha256$1000000$ECBIQXJk1MB0uwGVsEaa5H$31d8wAIHwZ2Xz34edAAvUL8GHtsVU3FrPNcztnzkJCQ=", "last_login": null, "is_superuser": false, "username": "get", "first_name": "Ole", "last_name": "Anstey", "email": "oanstey1q@storify.com", "is_staff": false, "is_active": true, "date_joined": "2025-12-09T12:42:20Z", "groups": [], "user_permissions": []}}, {"model": "auth.user", "pk": 58, "fields": {"password": "pbkdf2_sha256$1000000$ECBIQXJk1MB0uwGVsEaa5H$31d8wAIHwZ2Xz34edAAvUL8GHtsVU3FrPNcztnzkJCQ=", "last_login": null, "is_superuser": false, "username": "january", "first_name": "Elke", "last_name": "Buzza", "email": "ebuzza1r@over-blog.com", "is_staff": false, "is_active": true, "date_joined": "2025-12-09T12:42:20Z", "groups": [], "user_permissions": []}}, {"model": "auth.user", "pk": 59, "fields": {"password": "pbkdf2_sha256$1000000$ECBIQXJk1MB0uwGVsEaa5H$31d8wAIHwZ2Xz34edAAvUL8GHtsVU3FrPNcztnzkJCQ=", "last_login": null, "is_superuser": false, "username": "february", "first_name": "Hewet", "last_name": "Knill", "email": "hknill1s@google.pl", "is_staff": false, "is_active": true, "date_joined": "2025-12-09T12:42:20Z", "groups": [], "user_permissions": []}}, {"model": "auth.user", "pk": 60, "fields": {"password": "pbkdf2_sha256$1000000$ECBIQXJk1MB0uwGVsEaa5H$31d8wAIHwZ2Xz34edAAvUL8GHtsVU3FrPNcztnzkJCQ=", "last_login": null, "is_superuser": false, "username": "march", "first_name": "Hillard", "last_name": "Sheara", "email": "hsheara1t@unblog.fr", "is_staff": false, "is_active": true, "date_joined": "2025-12-09T12:42:20Z", "groups": [], "user_permissions": []}}, {"model": "auth.user", "pk": 61, "fields": {"password": "pbkdf2_sha256$1000000$ECBIQXJk1MB0uwGVsEaa5H$31d8wAIHwZ2Xz34edAAvUL8GHtsVU3FrPNcztnzkJCQ=", "last_login": null, "is_superuser": false, "username": "june", "first_name": "Sabrina", "last_name": "Hallwell", "email": "shallwell1u@twitpic.com", "is_staff": false, "is_active": true, "date_joined": "2025-12-09T12:42:20Z", "groups": [], "user_permissions": []}}, {"model": "auth.user", "pk": 62, "fields": {"password": "pbkdf2_sha256$1000000$ECBIQXJk1MB0uwGVsEaa5H$31d8wAIHwZ2Xz34edAAvUL8GHtsVU3FrPNcztnzkJCQ=", "last_login": null, "is_superuser": false, "username": "july", "first_name": "Nickey", "last_name": "McDowell", "email": "nmcdowell1v@t.co", "is_staff": false, "is_active": true, "date_joined": "2025-12-07T12:42:20Z", "groups": [], "user_permissions": []}}, {"model": "auth.user", "pk": 63, "fields": {"password": "pbkdf2_sha256$1000000$ECBIQXJk1MB0uwGVsEaa5H$31d8wAIHwZ2Xz34edAAvUL8GHtsVU3FrPNcztnzkJCQ=", "last_login": null, "is_superuser": false, "username": "december", "first_name": "Star", "last_name": "d'Escoffier", "email": "sdescoffier1w@army.mil", "is_staff": false, "is_active": true, "date_joined": "2025-12-01T12:42:20Z", "groups": [], "user_permissions": []}}, {"model": "auth.user", "pk": 64, "fields": {"password": "pbkdf2_sha256$1000000$ECBIQXJk1MB0uwGVsEaa5H$31d8wAIHwZ2Xz34edAAvUL8GHtsVU3FrPNcztnzkJCQ=", "last_login": null, "is_superuser": false, "username": "november", "first_name": "Howie", "last_name": "Smither", "email": "hsmither1x@wikipedia.org", "is_staff": false, "is_active": true, "date_joined": "2025-12-02T12:42:20Z", "groups": [], "user_permissions": []}}, {"model": "auth.user", "pk": 65, "fields": {"password": "pbkdf2_sha256$1000000$ECBIQXJk1MB0uwGVsEaa5H$31d8wAIHwZ2Xz34edAAvUL8GHtsVU3FrPNcztnzkJCQ=", "last_login": null, "is_superuser": false, "username": "rain", "first_name": "Vassili", "last_name": "Toone", "email": "vtoone1y@examiner.com", "is_staff": false, "is_active": true, "date_joined": "2025-12-03T12:42:20Z", "groups": [], "user_permissions": []}}, {"model": "auth.user", "pk": 66, "fields": {"password": "pbkdf2_sha256$1000000$ECBIQXJk1MB0uwGVsEaa5H$31d8wAIHwZ2Xz34edAAvUL8GHtsVU3FrPNcztnzkJCQ=", "last_login": null, "is_superuser": false, "username": "u2", "first_name": "Craig", "last_name": "Suermeiers", "email": "csuermeiers1z@prlog.org", "is_staff": false, "is_active": true, "date_joined": "2025-12-04T12:42:20Z", "groups": [], "user_permissions": []}}, {"model": "auth.user", "pk": 67, "fields": {"password": "pbkdf2_sha256$1000000$ECBIQXJk1MB0uwGVsEaa5H$31d8wAIHwZ2Xz34edAAvUL8GHtsVU3FrPNcztnzkJCQ=", "last_login": null, "is_superuser": false, "username": "bono", "first_name": "Jasmin", "last_name": "Ambrose", "email": "jambrose20@nps.gov", "is_staff": false, "is_active": true, "date_joined": "2025-12-05T12:42:20Z", "groups": [], "user_permissions": []}}, {"model": "auth.user", "pk": 68, "fields": {"password": "pbkdf2_sha256$1000000$ECBIQXJk1MB0uwGVsEaa5H$31d8wAIHwZ2Xz34edAAvUL8GHtsVU3FrPNcztnzkJCQ=", "last_login": null, "is_superuser": false, "username": "welcome", "first_name": "Fiona", "last_name": "Crawcour", "email": "fcrawcour21@shop-pro.jp", "is_staff": false, "is_active": true, "date_joined": "2025-12-08T12:42:20Z", "groups": [], "user_permissions": []}}, {"model": "auth.user", "pk": 69, "fields": {"password": "pbkdf2_sha256$1000000$ECBIQXJk1MB0uwGVsEaa5H$31d8wAIHwZ2Xz34edAAvUL8GHtsVU3FrPNcztnzkJCQ=", "last_login": null, "is_superuser": false, "username": "jungle", "first_name": "Etty", "last_name": "Varker", "email": "evarker22@cloudflare.com", "is_staff": false, "is_active": true, "date_joined": "2025-12-09T12:42:44Z", "groups": [], "user_permissions": []}}, {"model": "auth.user", "pk": 70, "fields": {"password": "pbkdf2_sha256$1000000$ECBIQXJk1MB0uwGVsEaa5H$31d8wAIHwZ2Xz34edAAvUL8GHtsVU3FrPNcztnzkJCQ=", "last_login": null, "is_superuser": false, "username": "korea", "first_name": "Rasla", "last_name": "Leynagh", "email": "rleynagh23@alexa.com", "is_staff": false, "is_active": true, "date_joined": "2025-12-09T12:42:21Z", "groups": [], "user_permissions": []}}, {"model": "auth.user", "pk": 71, "fields": {"password": "pbkdf2_sha256$1000000$ECBIQXJk1MB0uwGVsEaa5H$31d8wAIHwZ2Xz34edAAvUL8GHtsVU3FrPNcztnzkJCQ=", "last_login": null, "is_superuser": false, "username": "china", "first_name": "Kelley", "last_name": "Braxton", "email": "kbraxton24@icio.us", "is_staff": false, "is_active": true, "date_joined": "2025-12-09T12:42:20Z", "groups": [], "user_permissions": []}}, {"model": "auth.user", "pk": 72, "fields": {"password": "pbkdf2_sha256$1000000$ECBIQXJk1MB0uwGVsEaa5H$31d8wAIHwZ2Xz34edAAvUL8GHtsVU3FrPNcztnzkJCQ=", "last_login": null, "is_superuser": false, "username": "vietnam", "first_name": "Lowell", "last_name": "Borrows", "email": "lborrows25@discovery.com", "is_staff": false, "is_active": true, "date_joined": "2025-12-09T12:42:20Z", "groups": [], "user_permissions": []}}, {"model": "auth.user", "pk": 73, "fields": {"password": "pbkdf2_sha256$1000000$ECBIQXJk1MB0uwGVsEaa5H$31d8wAIHwZ2Xz34edAAvUL8GHtsVU3FrPNcztnzkJCQ=", "last_login": null, "is_superuser": false, "username": "northkorea", "first_name": "Abramo", "last_name": "Alldread", "email": "aalldread26@samsung.com", "is_staff": false, "is_active": true, "date_joined": "2025-12-09T12:42:20Z", "groups": [], "user_permissions": []}}, {"model": "auth.user", "pk": 74, "fields": {"password": "pbkdf2_sha256$1000000$ECBIQXJk1MB0uwGVsEaa5H$31d8wAIHwZ2Xz34edAAvUL8GHtsVU3FrPNcztnzkJCQ=", "last_login": null, "is_superuser": false, "username": "usa", "first_name": "Candice", "last_name": "Millthorpe", "email": "cmillthorpe27@timesonline.co.uk", "is_staff": false, "is_active": true, "date_joined": "2025-12-09T12:42:20Z", "groups": [], "user_permissions": []}}, {"model": "auth.user", "pk": 75, "fields": {"password": "pbkdf2_sha256$1000000$ECBIQXJk1MB0uwGVsEaa5H$31d8wAIHwZ2Xz34edAAvUL8GHtsVU3FrPNcztnzkJCQ=", "last_login": null, "is_superuser": false, "username": "canada", "first_name": "Burlie", "last_name": "Bartoszek", "email": "bbartoszek28@reference.com", "is_staff": false, "is_active": true, "date_joined": "2025-12-09T12:42:20Z", "groups": [], "user_permissions": []}}, {"model": "auth.user", "pk": 76, "fields": {"password": "pbkdf2_sha256$1000000$ECBIQXJk1MB0uwGVsEaa5H$31d8wAIHwZ2Xz34edAAvUL8GHtsVU3FrPNcztnzkJCQ=", "last_login": null, "is_superuser": false, "username": "inside", "first_name": "Rois", "last_name": "Hampshaw", "email": "rhampshaw29@ted.com", "is_staff": false, "is_active": true, "date_joined": "2025-12-09T12:42:20Z", "groups": [], "user_permissions": []}}, {"model": "auth.user", "pk": 77, "fields": {"password": "pbkdf2_sha256$1000000$ECBIQXJk1MB0uwGVsEaa5H$31d8wAIHwZ2Xz34edAAvUL8GHtsVU3FrPNcztnzkJCQ=", "last_login": null, "is_superuser": false, "username": "man", "first_name": "Diana", "last_name": "Siddell", "email": "dsiddell2a@desdev.cn", "is_staff": false, "is_active": true, "date_joined": "2025-12-09T12:11:20Z", "groups": [], "user_permissions": []}}, {"model": "auth.user", "pk": 78, "fields": {"password": "pbkdf2_sha256$1000000$ECBIQXJk1MB0uwGVsEaa5H$31d8wAIHwZ2Xz34edAAvUL8GHtsVU3FrPNcztnzkJCQ=", "last_login": null, "is_superuser": false, "username": "woman", "first_name": "Thibaud", "last_name": "Romaynes", "email": "tromaynes2b@ameblo.jp", "is_staff": false, "is_active": true, "date_joined": "2025-12-09T12:12:20Z", "groups": [], "user_permissions": []}}, {"model": "auth.user", "pk": 79, "fields": {"password": "pbkdf2_sha256$1000000$ECBIQXJk1MB0uwGVsEaa5H$31d8wAIHwZ2Xz34edAAvUL8GHtsVU3FrPNcztnzkJCQ=", "last_login": null, "is_superuser": false, "username": "love", "first_name": "Yolanda", "last_name": "Kibbee", "email": "ykibbee2c@webs.com", "is_staff": false, "is_active": true, "date_joined": "2025-12-09T12:22:20Z", "groups": [], "user_permissions": []}}, {"model": "auth.user", "pk": 80, "fields": {"password": "pbkdf2_sha256$1000000$ECBIQXJk1MB0uwGVsEaa5H$31d8wAIHwZ2Xz34edAAvUL8GHtsVU3FrPNcztnzkJCQ=", "last_login": null, "is_superuser": false, "username": "float", "first_name": "Ethelin", "last_name": "Foulks", "email": "efoulks2d@berkeley.edu", "is_staff": false, "is_active": true, "date_joined": "2025-12-09T12:33:20Z", "groups": [], "user_permissions": []}}, {"model": "auth.user", "pk": 81, "fields": {"password": "pbkdf2_sha256$1000000$ECBIQXJk1MB0uwGVsEaa5H$31d8wAIHwZ2Xz34edAAvUL8GHtsVU3FrPNcztnzkJCQ=", "last_login": null, "is_superuser": false, "username": "boolean", "first_name": "Riordan", "last_name": "Robertis", "email": "rrobertis2e@wordpress.org", "is_staff": false, "is_active": true, "date_joined": "2025-12-09T12:42:20Z", "groups": [], "user_permissions": []}}, {"model": "auth.user", "pk": 82, "fields": {"password": "pbkdf2_sha256$1000000$ECBIQXJk1MB0uwGVsEaa5H$31d8wAIHwZ2Xz34edAAvUL8GHtsVU3FrPNcztnzkJCQ=", "last_login": null, "is_superuser": false, "username": "charater", "first_name": "Muffin", "last_name": "Hitzmann", "email": "mhitzmann2f@pen.io", "is_staff": false, "is_active": true, "date_joined": "2025-12-09T12:42:20Z", "groups": [], "user_permissions": []}}, {"model": "auth.user", "pk": 83, "fields": {"password": "pbkdf2_sha256$1000000$ECBIQXJk1MB0uwGVsEaa5H$31d8wAIHwZ2Xz34edAAvUL8GHtsVU3FrPNcztnzkJCQ=", "last_login": null, "is_superuser": false, "username": "integer", "first_name": "Judie", "last_name": "Fernando", "email": "jfernando2g@rambler.ru", "is_staff": false, "is_active": true, "date_joined": "2025-12-09T12:42:20Z", "groups": [], "user_permissions": []}}, {"model": "auth.user", "pk": 84, "fields": {"password": "pbkdf2_sha256$1000000$CLtufqYn2ecZukJO9j5TG7$LVt+Mo+bQHrHgGj4jKS++imSUtYKDvm4dZAJMRxjdDk=", "last_login": "2026-01-16T12:53:11.820Z", "is_superuser": true, "username": "admin", "first_name": "super", "last_name": "user", "email": "admin@admin.com", "is_staff": true, "is_active": true, "date_joined": "2026-01-06T01:20:30Z", "groups": [], "user_permissions": []}}, {"model": "contenttypes.contenttype", "pk": 1, "fields": {"app_label": "admin", "model": "logentry"}}, {"model": "contenttypes.contenttype", "pk": 2, "fields": {"app_label": "auth", "model": "permission"}}, {"model": "contenttypes.contenttype", "pk": 3, "fields": {"app_label": "auth", "model": "group"}}, {"model": "contenttypes.contenttype", "pk": 4, "fields": {"app_label": "auth", "model": "user"}}, {"model": "contenttypes.contenttype", "pk": 5, "fields": {"app_label": "contenttypes", "model": "contenttype"}}, {"model": "contenttypes.contenttype", "pk": 6, "fields": {"app_label": "sessions", "model": "session"}}, {"model": "contenttypes.contenttype", "pk": 7, "fields": {"app_label": "asct", "model": "networkusage"}}, {"model": "contenttypes.contenttype", "pk": 8, "fields": {"app_label": "asct", "model": "memoryusage"}}, {"model": "contenttypes.contenttype", "pk": 9, "fields": {"app_label": "asct", "model": "cpuusage"}}, {"model": "contenttypes.contenttype", "pk": 10, "fields": {"app_label": "asct", "model": "systemlog"}}, {"model": "contenttypes.contenttype", "pk": 11, "fields": {"app_label": "asct", "model": "sshinfo"}}, {"model": "contenttypes.contenttype", "pk": 12, "fields": {"app_label": "asct", "model": "sysctlsetting"}}, {"model": "contenttypes.contenttype", "pk": 13, "fields": {"app_label": "asct", "model": "serverinfo"}}, {"model": "contenttypes.contenttype", "pk": 14, "fields": {"app_label": "asct", "model": "sysctlparameter"}}, {"model": "contenttypes.contenttype", "pk": 15, "fields": {"app_label": "asct", "model": "operator"}}, {"model": "contenttypes.contenttype", "pk": 16, "fields": {"app_label": "asct", "model": "diskusage"}}, {"model": "contenttypes.contenttype", "pk": 17, "fields": {"app_label": "asct", "model": "serverrole"}}, {"model": "contenttypes.contenttype", "pk": 18, "fields": {"app_label": "users", "model": "profile"}}, {"model": "contenttypes.contenttype", "pk": 19, "fields": {"app_label": "asct", "model": "command"}}, {"model": "contenttypes.contenttype", "pk": 20, "fields": {"app_label": "idols", "model": "idol"}}, {"model": "contenttypes.contenttype", "pk": 21, "fields": {"app_label": "mytodos", "model": "todo"}}, {"model": "contenttypes.contenttype", "pk": 22, "fields": {"app_label": "blog", "model": "comment"}}, {"model": "contenttypes.contenttype", "pk": 23, "fields": {"app_label": "blog", "model": "post"}}, {"model": "contenttypes.contenttype", "pk": 24, "fields": {"app_label": "blog", "model": "category"}}, {"model": "contenttypes.contenttype", "pk": 25, "fields": {"app_label": "polls", "model": "category"}}, {"model": "contenttypes.contenttype", "pk": 26, "fields": {"app_label": "polls", "model": "question"}}, {"model": "contenttypes.contenttype", "pk": 27, "fields": {"app_label": "polls", "model": "choice"}}, {"model": "contenttypes.contenttype", "pk": 28, "fields": {"app_label": "events", "model": "event"}}, {"model": "contenttypes.contenttype", "pk": 29, "fields": {"app_label": "events", "model": "venue"}}, {"model": "contenttypes.contenttype", "pk": 30, "fields": {"app_label": "events", "model": "myclubuser"}}, {"model": "contenttypes.contenttype", "pk": 31, "fields": {"app_label": "events", "model": "favorite"}}, {"model": "contenttypes.contenttype", "pk": 32, "fields": {"app_label": "eshop", "model": "category"}}, {"model": "contenttypes.contenttype", "pk": 33, "fields": {"app_label": "eshop", "model": "product"}}, {"model": "sessions.session", "pk": "if5qr3xvdke4nth695k9xbtq4t0d3pq1", "fields": {"session_data": ".eJxVjMsOwiAQRf-FtSE8Bpi6dO83EGBAqgaS0q6M_65NutDtPefcF_NhW6vfRl78TOzMENjpd4whPXLbCd1Du3WeeluXOfJd4Qcd_NopPy-H-3dQw6jfWhkKBopFoZzFYgSClE5DzhhlciQDUE7oQGpXolVmKqgVuckIkipa9v4A6Zo3Kw:1veBAX:UUUS9rd3GYOPGWmICMnl-Qd8N_P26Z3zw-26ZjmlLb0", "expire_date": "2026-01-23T12:00:41.882Z"}}, {"model": "sessions.session", "pk": "kq64qcuxp3zxef3lzjk12wm6cxa07nxd", "fields": {"session_data": ".eJxVjMsOwiAQRf-FtSE8Bpi6dO83EGBAqgaS0q6M_65NutDtPefcF_NhW6vfRl78TOzMENjpd4whPXLbCd1Du3WeeluXOfJd4Qcd_NopPy-H-3dQw6jfWhkKBopFoZzFYgSClE5DzhhlciQDUE7oQGpXolVmKqgVuckIkipa9v4A6Zo3Kw:1vgjKB:K1N2e_g7ChauMcjJfgSawUU64jR99ZTxR6S4BTzWiv0", "expire_date": "2026-01-30T12:53:11.855Z"}}, {"model": "users.profile", "pk": 1, "fields": {"user": 1, "phone": "010 3333 5555", "birth_day": "2026-01-09", "image": "profile_pics/ball-7280265_1280.jpg"}}, {"model": "users.profile", "pk": 3, "fields": {"user": 4, "phone": null, "birth_day": null, "image": "profile_pics/background-39.jpg"}}, {"model": "users.profile", "pk": 4, "fields": {"user": 5, "phone": null, "birth_day": null, "image": "profile_pics/5ECB02B1-EA4B-479E-BF70-564EB92DC8F7.JPG"}}, {"model": "users.profile", "pk": 5, "fields": {"user": 6, "phone": null, "birth_day": null, "image": "profile_pics/2DA826DC-6531-4415-82B1-87EAAB227FCE.JPG"}}, {"model": "users.profile", "pk": 6, "fields": {"user": 15, "phone": null, "birth_day": null, "image": "profile_pics/ive002.webp"}}, {"model": "users.profile", "pk": 7, "fields": {"user": 17, "phone": null, "birth_day": null, "image": "profile_pics/sulhyun006.jpg"}}, {"model": "users.profile", "pk": 8, "fields": {"user": 10, "phone": null, "birth_day": null, "image": "profile_pics/gomisi007.jpg"}}, {"model": "users.profile", "pk": 9, "fields": {"user": 16, "phone": null, "birth_day": null, "image": "profile_pics/bp001.jpg"}}, {"model": "users.profile", "pk": 10, "fields": {"user": 9, "phone": null, "birth_day": null, "image": "profile_pics/rocketman.png"}}, {"model": "users.profile", "pk": 11, "fields": {"user": 84, "phone": null, "birth_day": null, "image": "profile_pics/rocketlaunch.png"}}, {"model": "users.profile", "pk": 12, "fields": {"user": 14, "phone": null, "birth_day": null, "image": "profile_pics/22.JPG"}}, {"model": "users.profile", "pk": 13, "fields": {"user": 7, "phone": null, "birth_day": null, "image": "profile_pics/twice002.jpg"}}, {"model": "users.profile", "pk": 14, "fields": {"user": 3, "phone": null, "birth_day": null, "image": "profile_pics/jungyumi001.jpg"}}, {"model": "users.profile", "pk": 15, "fields": {"user": 12, "phone": null, "birth_day": null, "image": "profile_pics/etc_2.jpg"}}, {"model": "users.profile", "pk": 16, "fields": {"user": 8, "phone": null, "birth_day": null, "image": "profile_pics/etc_9.jpg"}}, {"model": "users.profile", "pk": 17, "fields": {"user": 13, "phone": null, "birth_day": null, "image": "profile_pics/etc.png"}}, {"model": "users.profile", "pk": 18, "fields": {"user": 11, "phone": null, "birth_day": null, "image": "profile_pics/etc_7.jpg"}}, {"model": "users.profile", "pk": 19, "fields": {"user": 33, "phone": null, "birth_day": null, "image": "profile_pics/download.jpg"}}, {"model": "users.profile", "pk": 20, "fields": {"user": 26, "phone": null, "birth_day": null, "image": "profile_pics/etc_5.jpg"}}, {"model": "users.profile", "pk": 21, "fields": {"user": 24, "phone": null, "birth_day": null, "image": "profile_pics/etc_13.jpg"}}, {"model": "users.profile", "pk": 22, "fields": {"user": 82, "phone": null, "birth_day": null, "image": "profile_pics/Yang_Zi.jpg"}}, {"model": "users.profile", "pk": 23, "fields": {"user": 53, "phone": null, "birth_day": null, "image": "profile_pics/icon.png"}}, {"model": "users.profile", "pk": 24, "fields": {"user": 35, "phone": null, "birth_day": null, "image": "profile_pics/android2-chrome-512x512.png"}}, {"model": "users.profile", "pk": 25, "fields": {"user": 29, "phone": null, "birth_day": null, "image": "profile_pics/logo192.png"}}, {"model": "users.profile", "pk": 26, "fields": {"user": 25, "phone": null, "birth_day": null, "image": "profile_pics/favicon.ico"}}, {"model": "users.profile", "pk": 27, "fields": {"user": 63, "phone": null, "birth_day": null, "image": "profile_pics/2000_Hybrid_Theory.jpg"}}, {"model": "users.profile", "pk": 28, "fields": {"user": 54, "phone": null, "birth_day": null, "image": "profile_pics/2002_Reanimation.jpg"}}, {"model": "users.profile", "pk": 29, "fields": {"user": 30, "phone": null, "birth_day": null, "image": "profile_pics/2003_Live_in_Texas.jpg"}}, {"model": "users.profile", "pk": 30, "fields": {"user": 18, "phone": null, "birth_day": null, "image": "profile_pics/00-Eminem-Recovery-Retail-2010-NoFS-CD.jpg"}}, {"model": "users.profile", "pk": 31, "fields": {"user": 21, "phone": null, "birth_day": null, "image": "profile_pics/gomisi004.jpg"}}, {"model": "users.profile", "pk": 32, "fields": {"user": 34, "phone": null, "birth_day": null, "image": "profile_pics/jungyumi003.jpg"}}, {"model": "users.profile", "pk": 33, "fields": {"user": 46, "phone": null, "birth_day": null, "image": "profile_pics/tiwce-dahyun001.png"}}, {"model": "users.profile", "pk": 34, "fields": {"user": 42, "phone": null, "birth_day": null, "image": "profile_pics/seoyaji009.jpg"}}, {"model": "users.profile", "pk": 35, "fields": {"user": 70, "phone": null, "birth_day": null, "image": "profile_pics/sulhyun002.jpg"}}, {"model": "users.profile", "pk": 36, "fields": {"user": 20, "phone": null, "birth_day": null, "image": "profile_pics/seoyaji012.jpg"}}, {"model": "users.profile", "pk": 37, "fields": {"user": 81, "phone": null, "birth_day": null, "image": "profile_pics/kimtaeli007.jpg"}}, {"model": "users.profile", "pk": 38, "fields": {"user": 73, "phone": null, "birth_day": null, "image": "profile_pics/twice-mina001.jpg"}}, {"model": "users.profile", "pk": 39, "fields": {"user": 83, "phone": null, "birth_day": null, "image": "profile_pics/bp001_geK8UfR.jpg"}}, {"model": "users.profile", "pk": 40, "fields": {"user": 47, "phone": null, "birth_day": null, "image": "profile_pics/지수003.png"}}, {"model": "users.profile", "pk": 41, "fields": {"user": 22, "phone": null, "birth_day": null, "image": "profile_pics/ive002_6kFIOMR.webp"}}, {"model": "users.profile", "pk": 42, "fields": {"user": 49, "phone": null, "birth_day": null, "image": "profile_pics/ive021.jpg"}}, {"model": "users.profile", "pk": 43, "fields": {"user": 62, "phone": null, "birth_day": null, "image": "profile_pics/ive023.jpg"}}, {"model": "users.profile", "pk": 44, "fields": {"user": 44, "phone": null, "birth_day": null, "image": "profile_pics/ive007.jpg"}}, {"model": "users.profile", "pk": 45, "fields": {"user": 66, "phone": null, "birth_day": null, "image": "profile_pics/a_1990_Front.jpg"}}, {"model": "users.profile", "pk": 46, "fields": {"user": 69, "phone": null, "birth_day": null, "image": "profile_pics/Ed_Sheeran_-__Divide_Deluxe_2017.jpg"}}, {"model": "users.profile", "pk": 47, "fields": {"user": 57, "phone": null, "birth_day": null, "image": "profile_pics/2007_Minutes_to_Midnight.jpg"}}, {"model": "users.profile", "pk": 48, "fields": {"user": 56, "phone": null, "birth_day": null, "image": "profile_pics/logo192_CfoPlAd.png"}}, {"model": "users.profile", "pk": 49, "fields": {"user": 75, "phone": null, "birth_day": null, "image": "profile_pics/backgroud.jpg"}}, {"model": "users.profile", "pk": 50, "fields": {"user": 28, "phone": null, "birth_day": null, "image": "profile_pics/ball-7280265_1280_qSXD6Z2.jpg"}}, {"model": "users.profile", "pk": 51, "fields": {"user": 27, "phone": null, "birth_day": null, "image": "profile_pics/rocketride.png"}}, {"model": "users.profile", "pk": 52, "fields": {"user": 52, "phone": null, "birth_day": null, "image": "profile_pics/rocketdab.png"}}, {"model": "users.profile", "pk": 53, "fields": {"user": 38, "phone": null, "birth_day": null, "image": "profile_pics/14.JPG"}}, {"model": "users.profile", "pk": 54, "fields": {"user": 45, "phone": null, "birth_day": null, "image": "profile_pics/1.JPG"}}, {"model": "users.profile", "pk": 55, "fields": {"user": 79, "phone": null, "birth_day": null, "image": "profile_pics/17.JPG"}}, {"model": "users.profile", "pk": 56, "fields": {"user": 71, "phone": null, "birth_day": null, "image": "profile_pics/32.JPG"}}, {"model": "users.profile", "pk": 57, "fields": {"user": 41, "phone": null, "birth_day": null, "image": "profile_pics/25.JPG"}}, {"model": "users.profile", "pk": 58, "fields": {"user": 50, "phone": null, "birth_day": null, "image": "profile_pics/19.JPG"}}, {"model": "users.profile", "pk": 59, "fields": {"user": 72, "phone": null, "birth_day": null, "image": "profile_pics/22_KFr3X8z.JPG"}}, {"model": "users.profile", "pk": 60, "fields": {"user": 19, "phone": null, "birth_day": null, "image": "profile_pics/10.JPG"}}, {"model": "users.profile", "pk": 61, "fields": {"user": 80, "phone": null, "birth_day": null, "image": "profile_pics/23.JPG"}}, {"model": "users.profile", "pk": 62, "fields": {"user": 43, "phone": null, "birth_day": null, "image": "profile_pics/pb-jisu003.jpg"}}, {"model": "users.profile", "pk": 63, "fields": {"user": 23, "phone": null, "birth_day": null, "image": "profile_pics/제니002.jpg"}}, {"model": "users.profile", "pk": 64, "fields": {"user": 78, "phone": null, "birth_day": null, "image": "profile_pics/pb-jisu002.jpg"}}, {"model": "users.profile", "pk": 65, "fields": {"user": 31, "phone": null, "birth_day": null, "image": "profile_pics/제지005.jpg"}}, {"model": "users.profile", "pk": 66, "fields": {"user": 60, "phone": null, "birth_day": null, "image": "profile_pics/The_Bee_Gees_-_Greatest_Special_Edition_CD2.jpg"}}, {"model": "users.profile", "pk": 67, "fields": {"user": 68, "phone": null, "birth_day": null, "image": "profile_pics/cd.jpg"}}, {"model": "users.profile", "pk": 68, "fields": {"user": 2, "phone": null, "birth_day": null, "image": "profile_pics/ive.jpg"}}, {"model": "users.profile", "pk": 69, "fields": {"user": 65, "phone": null, "birth_day": null, "image": "profile_pics/background-34.jpg"}}, {"model": "users.profile", "pk": 70, "fields": {"user": 39, "phone": null, "birth_day": null, "image": "profile_pics/rocketlaunch_BfD6ooB.png"}}, {"model": "users.profile", "pk": 71, "fields": {"user": 76, "phone": null, "birth_day": null, "image": "profile_pics/.trashed-1727875543-cover_1.jpg"}}, {"model": "users.profile", "pk": 72, "fields": {"user": 51, "phone": null, "birth_day": null, "image": "profile_pics/716904_1_f.jpg"}}, {"model": "users.profile", "pk": 73, "fields": {"user": 77, "phone": null, "birth_day": null, "image": "profile_pics/Nirvana_-_Greatest_Hits_2008_2CD_front.jpg"}}, {"model": "blog.category", "pk": 1, "fields": {"name": "Food & Recipes"}}, {"model": "blog.category", "pk": 2, "fields": {"name": "Travel"}}, {"model": "blog.category", "pk": 3, "fields": {"name": "Health & Fitness"}}, {"model": "blog.category", "pk": 4, "fields": {"name": "Lifestyle"}}, {"model": "blog.category", "pk": 5, "fields": {"name": "Fashion & Beauty"}}, {"model": "blog.category", "pk": 6, "fields": {"name": "Game"}}, {"model": "blog.category", "pk": 7, "fields": {"name": "DIY & Crafts"}}, {"model": "blog.category", "pk": 8, "fields": {"name": "Parenting"}}, {"model": "blog.category", "pk": 9, "fields": {"name": "Business & Finance"}}, {"model": "blog.category", "pk": 10, "fields": {"name": "Tech & AI "}}, {"model": "blog.category", "pk": 11, "fields": {"name": "Coding"}}, {"model": "blog.category", "pk": 12, "fields": {"name": "Family"}}, {"model": "blog.category", "pk": 13, "fields": {"name": "Web Design"}}, {"model": "blog.category", "pk": 14, "fields": {"name": "Politics"}}, {"model": "blog.post", "pk": 1, "fields": {"title": "Wrong Guys, The", "title_tag": null, "content": "Cras non velit nec nisi vulputate nonummy. Maecenas tincidunt lacus at velit. Vivamus vel nulla eget eros elementum pellentesque.", "date_posted": "2009-07-11T15:00:00Z", "updated_at": "2026-01-09T13:03:43.704Z", "category": 7, "author": 1, "likes": []}}, {"model": "blog.post", "pk": 3, "fields": {"title": "The Uncommon Making of Petulia", "title_tag": null, "content": "Vestibulum quam sapien, varius ut, blandit non, interdum in, ante. Vestibulum ante ipsum primis in faucibus orci luctus et ultrices posuere cubilia Curae; Duis faucibus accumsan odio. Curabitur convallis.", "date_posted": "2008-03-09T15:00:00Z", "updated_at": "2026-01-09T13:03:43.704Z", "category": 10, "author": 3, "likes": []}}, {"model": "blog.post", "pk": 6, "fields": {"title": "Tyler Perry's I Can Do Bad All by Myself", "title_tag": null, "content": "Praesent id massa id nisl venenatis lacinia. Aenean sit amet justo. Morbi ut odio.", "date_posted": "2006-11-20T15:00:00Z", "updated_at": "2026-01-09T13:03:43.704Z", "category": 1, "author": 1, "likes": []}}, {"model": "blog.post", "pk": 13, "fields": {"title": "Wallace & Gromit: A Close Shave", "title_tag": null, "content": "Aenean lectus. Pellentesque eget nunc. Donec quis orci eget orci vehicula condimentum.", "date_posted": "2017-05-23T15:00:00Z", "updated_at": "2026-01-09T13:03:43.704Z", "category": 11, "author": 7, "likes": []}}, {"model": "blog.post", "pk": 14, "fields": {"title": "Bamboozled", "title_tag": null, "content": "Quisque id justo sit amet sapien dignissim vestibulum. Vestibulum ante ipsum primis in faucibus orci luctus et ultrices posuere cubilia Curae; Nulla dapibus dolor vel est. Donec odio justo, sollicitudin ut, suscipit a, feugiat et, eros.", "date_posted": "2015-04-07T15:00:00Z", "updated_at": "2026-01-09T13:03:43.704Z", "category": 3, "author": 9, "likes": []}}, {"model": "blog.post", "pk": 15, "fields": {"title": "Waterworld", "title_tag": null, "content": "Proin eu mi. Nulla ac enim. In tempor, turpis nec euismod scelerisque, quam turpis adipiscing lorem, vitae mattis nibh ligula nec sem.", "date_posted": "2006-02-22T15:00:00Z", "updated_at": "2026-01-09T13:03:43.704Z", "category": 8, "author": 3, "likes": []}}, {"model": "blog.post", "pk": 17, "fields": {"title": "Story of Xinghua, The (Xinghua san yue tian)", "title_tag": null, "content": "Quisque id justo sit amet sapien dignissim vestibulum. Vestibulum ante ipsum primis in faucibus orci luctus et ultrices posuere cubilia Curae; Nulla dapibus dolor vel est. Donec odio justo, sollicitudin ut, suscipit a, feugiat et, eros.\n\nVestibulum ac est lacinia nisi venenatis tristique. Fusce congue, diam id ornare imperdiet, sapien urna pretium nisl, ut volutpat sapien arcu sed augue. Aliquam erat volutpat.", "date_posted": "2021-07-09T15:00:00Z", "updated_at": "2026-01-09T13:03:43.704Z", "category": 3, "author": 9, "likes": []}}, {"model": "blog.post", "pk": 18, "fields": {"title": "ATM", "title_tag": null, "content": "Aenean lectus. Pellentesque eget nunc. Donec quis orci eget orci vehicula condimentum.", "date_posted": "2014-05-27T15:00:00Z", "updated_at": "2026-01-09T13:03:43.704Z", "category": 14, "author": 1, "likes": []}}, {"model": "blog.post", "pk": 20, "fields": {"title": "Brave, The", "title_tag": null, "content": "Phasellus in felis. Donec semper sapien a libero. Nam dui.", "date_posted": "2009-08-17T15:00:00Z", "updated_at": "2026-01-09T13:03:43.704Z", "category": 13, "author": 6, "likes": []}}, {"model": "blog.post", "pk": 21, "fields": {"title": "Firewall", "title_tag": null, "content": "Fusce consequat. Nulla nisl. Nunc nisl.\n\nDuis bibendum, felis sed interdum venenatis, turpis enim blandit mi, in porttitor pede justo eu massa. Donec dapibus. Duis at velit eu est congue elementum.", "date_posted": "2009-01-12T15:00:00Z", "updated_at": "2026-01-09T13:03:43.704Z", "category": 3, "author": 11, "likes": []}}, {"model": "blog.post", "pk": 22, "fields": {"title": "Golden Christmas, A", "title_tag": null, "content": "Cum sociis natoque penatibus et magnis dis parturient montes, nascetur ridiculus mus. Vivamus vestibulum sagittis sapien. Cum sociis natoque penatibus et magnis dis parturient montes, nascetur ridiculus mus.", "date_posted": "2012-04-26T15:00:00Z", "updated_at": "2026-01-09T13:03:43.704Z", "category": 6, "author": 8, "likes": []}}, {"model": "blog.post", "pk": 23, "fields": {"title": "Open Water 2: Adrift", "title_tag": null, "content": "Proin leo odio, porttitor id, consequat in, consequat ut, nulla. Sed accumsan felis. Ut at dolor quis odio consequat varius.", "date_posted": "2003-03-18T15:00:00Z", "updated_at": "2026-01-09T13:03:43.704Z", "category": 7, "author": 3, "likes": []}}, {"model": "blog.post", "pk": 24, "fields": {"title": "Diana", "title_tag": null, "content": "Cras mi pede, malesuada in, imperdiet et, commodo vulputate, justo. In blandit ultrices enim. Lorem ipsum dolor sit amet, consectetuer adipiscing elit.", "date_posted": "2007-09-08T15:00:00Z", "updated_at": "2026-01-09T13:03:43.704Z", "category": 3, "author": 10, "likes": []}}, {"model": "blog.post", "pk": 25, "fields": {"title": "Madonna's Pig", "title_tag": null, "content": "Etiam vel augue. Vestibulum rutrum rutrum neque. Aenean auctor gravida sem.", "date_posted": "2009-01-06T15:00:00Z", "updated_at": "2026-01-09T13:03:43.704Z", "category": 14, "author": 5, "likes": []}}, {"model": "blog.post", "pk": 26, "fields": {"title": "Cinderella", "title_tag": null, "content": "Vestibulum quam sapien, varius ut, blandit non, interdum in, ante. Vestibulum ante ipsum primis in faucibus orci luctus et ultrices posuere cubilia Curae; Duis faucibus accumsan odio. Curabitur convallis.\n\nDuis consequat dui nec nisi volutpat eleifend. Donec ut dolor. Morbi vel lectus in quam fringilla rhoncus.", "date_posted": "2020-01-31T15:00:00Z", "updated_at": "2026-01-09T13:03:43.704Z", "category": 11, "author": 8, "likes": []}}, {"model": "blog.post", "pk": 27, "fields": {"title": "Black Scorpion, The", "title_tag": null, "content": "Pellentesque at nulla. Suspendisse potenti. Cras in purus eu magna vulputate luctus.", "date_posted": "2025-07-25T15:00:00Z", "updated_at": "2026-01-09T13:03:43.704Z", "category": 3, "author": 6, "likes": []}}, {"model": "blog.post", "pk": 28, "fields": {"title": "Sea Is Watching, The (Umi wa miteita)", "title_tag": null, "content": "Morbi non lectus. Aliquam sit amet diam in magna bibendum imperdiet. Nullam orci pede, venenatis non, sodales sed, tincidunt eu, felis.", "date_posted": "2008-12-28T15:00:00Z", "updated_at": "2026-01-09T13:03:43.704Z", "category": 6, "author": 11, "likes": []}}, {"model": "blog.post", "pk": 29, "fields": {"title": "Good Wife, The", "title_tag": null, "content": "Fusce consequat. Nulla nisl. Nunc nisl.", "date_posted": "2005-06-10T15:00:00Z", "updated_at": "2026-01-09T13:03:43.704Z", "category": 1, "author": 7, "likes": []}}, {"model": "blog.post", "pk": 32, "fields": {"title": "Violence at Noon (Hakuchu no torima)", "title_tag": null, "content": "In sagittis dui vel nisl. Duis ac nibh. Fusce lacus purus, aliquet at, feugiat non, pretium quis, lectus.", "date_posted": "2019-03-15T15:00:00Z", "updated_at": "2026-01-09T13:03:43.704Z", "category": 1, "author": 6, "likes": []}}, {"model": "blog.post", "pk": 35, "fields": {"title": "Zardoz", "title_tag": null, "content": "In congue. Etiam justo. Etiam pretium iaculis justo.", "date_posted": "2008-04-12T15:00:00Z", "updated_at": "2026-01-09T13:03:43.704Z", "category": 2, "author": 10, "likes": []}}, {"model": "blog.post", "pk": 37, "fields": {"title": "Enid", "title_tag": null, "content": "Fusce posuere felis sed lacus. Morbi sem mauris, laoreet ut, rhoncus aliquet, pulvinar sed, nisl. Nunc rhoncus dui vel sem.", "date_posted": "2020-05-02T15:00:00Z", "updated_at": "2026-01-09T13:03:43.704Z", "category": 13, "author": 4, "likes": []}}, {"model": "blog.post", "pk": 38, "fields": {"title": "Carnal Knowledge", "title_tag": null, "content": "In congue. Etiam justo. Etiam pretium iaculis justo.\r\n\r\nIn hac habitasse platea dictumst. Etiam faucibus cursus urna. Ut tellus.", "date_posted": "2019-04-24T15:00:00Z", "updated_at": "2026-01-09T13:03:43.704Z", "category": 9, "author": 7, "likes": []}}, {"model": "blog.post", "pk": 44, "fields": {"title": "First Wives Club, The", "title_tag": null, "content": "Aenean fermentum. Donec ut mauris eget massa tempor convallis. Nulla neque libero, convallis eget, eleifend luctus, ultricies eu, nibh.", "date_posted": "2003-12-05T15:00:00Z", "updated_at": "2026-01-09T13:03:43.704Z", "category": 3, "author": 7, "likes": []}}, {"model": "blog.post", "pk": 52, "fields": {"title": "The Raccoon War", "title_tag": "raccoon-war-the", "content": "너구리 전쟁이 뭐지??", "date_posted": "2013-01-30T15:00:00Z", "updated_at": "2026-01-12T13:05:27.407Z", "category": 1, "author": 3, "likes": [1]}}, {"model": "blog.post", "pk": 58, "fields": {"title": "Talcum Powder", "title_tag": null, "content": "In sagittis dui vel nisl. Duis ac nibh. Fusce lacus purus, aliquet at, feugiat non, pretium quis, lectus.", "date_posted": "2016-03-04T15:00:00Z", "updated_at": "2026-01-09T13:03:43.704Z", "category": 2, "author": 4, "likes": []}}, {"model": "blog.post", "pk": 64, "fields": {"title": "Gamera vs. Guiron", "title_tag": "gamera-vs-guiron", "content": "Etiam vel augue. Vestibulum rutrum rutrum neque. Aenean auctor gravida sem.", "date_posted": "2010-10-19T15:00:00Z", "updated_at": "2026-01-09T12:38:40.511Z", "category": 2, "author": 25, "likes": []}}, {"model": "blog.post", "pk": 67, "fields": {"title": "Return of the Street Fighter (Satsujin ken 2)", "title_tag": null, "content": "Sed ante. Vivamus tortor. Duis mattis egestas metus.", "date_posted": "2018-04-09T15:00:00Z", "updated_at": "2026-01-09T13:03:43.704Z", "category": 11, "author": 5, "likes": []}}, {"model": "blog.post", "pk": 70, "fields": {"title": "The winner ?", "title_tag": "the-winner", "content": "누가 ?\r\n<h1>이기나요?</h1>", "date_posted": "2010-10-26T15:00:00Z", "updated_at": "2026-01-10T02:38:47.897Z", "category": 6, "author": 5, "likes": [1]}}, {"model": "blog.post", "pk": 77, "fields": {"title": "테란 대 프로토스", "title_tag": "show", "content": "<h3>승자 예상</h3>", "date_posted": "2011-12-15T15:00:00Z", "updated_at": "2026-01-09T15:19:21.725Z", "category": 6, "author": 1, "likes": []}}, {"model": "blog.post", "pk": 79, "fields": {"title": "Aya of Yop City", "title_tag": null, "content": "Quisque porta volutpat erat. Quisque erat eros, viverra eget, congue eget, semper rutrum, nulla. Nunc purus.", "date_posted": "2017-06-29T15:00:00Z", "updated_at": "2026-01-09T13:03:43.704Z", "category": 8, "author": 7, "likes": []}}, {"model": "blog.post", "pk": 84, "fields": {"title": "Two Shots Fired", "title_tag": null, "content": "Aenean fermentum. Donec ut mauris eget massa tempor convallis. Nulla neque libero, convallis eget, eleifend luctus, ultricies eu, nibh.", "date_posted": "2004-12-14T15:00:00Z", "updated_at": "2026-01-09T13:03:43.704Z", "category": 2, "author": 4, "likes": []}}, {"model": "blog.post", "pk": 94, "fields": {"title": "Map of the Human Heart", "title_tag": null, "content": "In hac habitasse platea dictumst. Etiam faucibus cursus urna. Ut tellus.", "date_posted": "2005-04-20T15:00:00Z", "updated_at": "2026-01-09T13:03:43.704Z", "category": 9, "author": 7, "likes": []}}, {"model": "blog.post", "pk": 112, "fields": {"title": "Kotch", "title_tag": null, "content": "Nullam porttitor lacus at turpis. Donec posuere metus vitae ipsum. Aliquam non mauris.", "date_posted": "2011-03-01T15:00:00Z", "updated_at": "2026-01-09T13:03:43.704Z", "category": 8, "author": 27, "likes": []}}, {"model": "blog.post", "pk": 118, "fields": {"title": "Farewell, The (Abschied - Brechts letzter Sommer)", "title_tag": null, "content": "Duis bibendum. Morbi non quam nec dui luctus rutrum. Nulla tellus.", "date_posted": "2018-06-08T15:00:00Z", "updated_at": "2026-01-09T13:03:43.704Z", "category": 6, "author": 56, "likes": []}}, {"model": "blog.post", "pk": 119, "fields": {"title": "시험 포스트", "title_tag": "시험-포스트", "content": "시험 중입니다.", "date_posted": "2003-04-11T15:00:00Z", "updated_at": "2026-01-10T02:31:59.139Z", "category": 5, "author": 47, "likes": []}}, {"model": "blog.post", "pk": 126, "fields": {"title": "Fighting Spirit, The", "title_tag": null, "content": "In hac habitasse platea dictumst. Morbi vestibulum, velit id pretium iaculis, diam erat fermentum justo, nec condimentum neque sapien placerat ante. Nulla justo.", "date_posted": "2021-07-09T15:00:00Z", "updated_at": "2026-01-09T13:03:43.704Z", "category": 6, "author": 46, "likes": []}}, {"model": "blog.post", "pk": 128, "fields": {"title": "Charlie Bartlett", "title_tag": null, "content": "Lorem ipsum dolor sit amet, consectetuer adipiscing elit. Proin risus. Praesent lectus.", "date_posted": "2023-02-21T15:00:00Z", "updated_at": "2026-01-09T13:03:43.704Z", "category": 13, "author": 44, "likes": []}}, {"model": "blog.post", "pk": 129, "fields": {"title": "Felony", "title_tag": null, "content": "Aliquam quis turpis eget elit sodales scelerisque. Mauris sit amet eros. Suspendisse accumsan tortor quis turpis.", "date_posted": "2015-10-27T15:00:00Z", "updated_at": "2026-01-09T13:03:43.704Z", "category": 6, "author": 10, "likes": []}}, {"model": "blog.post", "pk": 134, "fields": {"title": "Mysterians, The (Chikyu Boeigun)", "title_tag": null, "content": "Lorem ipsum dolor sit amet, consectetuer adipiscing elit. Proin risus. Praesent lectus.", "date_posted": "2015-11-12T15:00:00Z", "updated_at": "2026-01-09T13:03:43.704Z", "category": 1, "author": 14, "likes": []}}, {"model": "blog.post", "pk": 161, "fields": {"title": "One Spy Too Many", "title_tag": null, "content": "Nullam porttitor lacus at turpis. Donec posuere metus vitae ipsum. Aliquam non mauris.", "date_posted": "2015-12-01T15:00:00Z", "updated_at": "2026-01-09T13:03:43.704Z", "category": 4, "author": 46, "likes": []}}, {"model": "blog.post", "pk": 162, "fields": {"title": "Blacula", "title_tag": null, "content": "Fusce consequat. Nulla nisl. Nunc nisl.", "date_posted": "2017-02-06T15:00:00Z", "updated_at": "2026-01-09T13:03:43.704Z", "category": 3, "author": 83, "likes": []}}, {"model": "blog.post", "pk": 164, "fields": {"title": "Merchants of Doubt", "title_tag": null, "content": "Praesent id massa id nisl venenatis lacinia. Aenean sit amet justo. Morbi ut odio.", "date_posted": "2007-07-13T15:00:00Z", "updated_at": "2026-01-09T13:03:43.704Z", "category": 3, "author": 17, "likes": []}}, {"model": "blog.post", "pk": 166, "fields": {"title": "Command Decision", "title_tag": null, "content": "Curabitur in libero ut massa volutpat convallis. Morbi odio odio, elementum eu, interdum eu, tincidunt in, leo. Maecenas pulvinar lobortis est.", "date_posted": "2017-11-03T15:00:00Z", "updated_at": "2026-01-09T13:03:43.704Z", "category": 3, "author": 14, "likes": []}}, {"model": "blog.post", "pk": 173, "fields": {"title": "Mr. Troop Mom", "title_tag": null, "content": "Morbi porttitor lorem id ligula. Suspendisse ornare consequat lectus. In est risus, auctor sed, tristique in, tempus sit amet, sem.", "date_posted": "2008-09-25T15:00:00Z", "updated_at": "2026-01-09T13:03:43.704Z", "category": 3, "author": 11, "likes": []}}, {"model": "blog.post", "pk": 183, "fields": {"title": "Critters 3", "title_tag": null, "content": "Aliquam quis turpis eget elit sodales scelerisque. Mauris sit amet eros. Suspendisse accumsan tortor quis turpis.", "date_posted": "2016-03-07T15:00:00Z", "updated_at": "2026-01-09T13:03:43.704Z", "category": 4, "author": 73, "likes": []}}, {"model": "blog.post", "pk": 185, "fields": {"title": "Night and the City", "title_tag": null, "content": "Nulla ut erat id mauris vulputate elementum. Nullam varius. Nulla facilisi.", "date_posted": "2012-10-14T15:00:00Z", "updated_at": "2026-01-09T13:03:43.704Z", "category": 12, "author": 69, "likes": []}}, {"model": "blog.post", "pk": 187, "fields": {"title": "Friday", "title_tag": null, "content": "Duis aliquam convallis nunc. Proin at turpis a pede posuere nonummy. Integer non velit.", "date_posted": "2021-01-12T15:00:00Z", "updated_at": "2026-01-09T13:03:43.704Z", "category": 4, "author": 75, "likes": []}}, {"model": "blog.post", "pk": 191, "fields": {"title": "Nobody Else But You (Poupoupidou)", "title_tag": null, "content": "Praesent blandit. Nam nulla. Integer pede justo, lacinia eget, tincidunt eget, tempus vel, pede.", "date_posted": "2020-12-13T15:00:00Z", "updated_at": "2026-01-09T13:03:43.704Z", "category": 12, "author": 13, "likes": []}}, {"model": "blog.post", "pk": 192, "fields": {"title": "과연 누가 이길까요", "title_tag": "remorques-stormy-waters", "content": "아무나", "date_posted": "2013-11-22T15:00:00Z", "updated_at": "2026-01-09T15:11:33.822Z", "category": 2, "author": 56, "likes": [1]}}, {"model": "blog.post", "pk": 194, "fields": {"title": "Dangerous Liaisons", "title_tag": null, "content": "Sed sagittis. Nam congue, risus semper porta volutpat, quam pede lobortis ligula, sit amet eleifend pede libero quis orci. Nullam molestie nibh in lectus.", "date_posted": "2010-06-30T15:00:00Z", "updated_at": "2026-01-09T13:03:43.704Z", "category": 12, "author": 77, "likes": []}}, {"model": "blog.post", "pk": 196, "fields": {"title": "Cloudland", "title_tag": null, "content": "Sed ante. Vivamus tortor. Duis mattis egestas metus.", "date_posted": "2013-01-23T15:00:00Z", "updated_at": "2026-01-09T13:03:43.704Z", "category": 1, "author": 12, "likes": []}}, {"model": "blog.post", "pk": 204, "fields": {"title": "Five Children and It", "title_tag": null, "content": "Morbi porttitor lorem id ligula. Suspendisse ornare consequat lectus. In est risus, auctor sed, tristique in, tempus sit amet, sem.", "date_posted": "2011-08-01T15:00:00Z", "updated_at": "2026-01-09T13:03:43.704Z", "category": 14, "author": 18, "likes": []}}, {"model": "blog.post", "pk": 205, "fields": {"title": "Jackass: The Movie", "title_tag": null, "content": "Integer tincidunt ante vel ipsum. Praesent blandit lacinia erat. Vestibulum sed magna at nunc commodo placerat.", "date_posted": "2010-04-02T15:00:00Z", "updated_at": "2026-01-09T13:03:43.704Z", "category": 14, "author": 23, "likes": []}}, {"model": "blog.post", "pk": 215, "fields": {"title": "Tulse Luper Suitcases, Part 1: The Moab Story, The", "title_tag": null, "content": "In sagittis dui vel nisl. Duis ac nibh. Fusce lacus purus, aliquet at, feugiat non, pretium quis, lectus.", "date_posted": "2020-05-28T15:00:00Z", "updated_at": "2026-01-09T13:03:43.704Z", "category": 5, "author": 63, "likes": []}}, {"model": "blog.post", "pk": 219, "fields": {"title": "Going to Kansas City", "title_tag": null, "content": "Duis consequat dui nec nisi volutpat eleifend. Donec ut dolor. Morbi vel lectus in quam fringilla rhoncus.", "date_posted": "2005-07-12T15:00:00Z", "updated_at": "2026-01-09T13:03:43.704Z", "category": 11, "author": 35, "likes": []}}, {"model": "blog.post", "pk": 220, "fields": {"title": "Reluctant Debutante, The", "title_tag": null, "content": "Aliquam quis turpis eget elit sodales scelerisque. Mauris sit amet eros. Suspendisse accumsan tortor quis turpis.", "date_posted": "2007-12-16T15:00:00Z", "updated_at": "2026-01-09T13:03:43.704Z", "category": 13, "author": 13, "likes": []}}, {"model": "blog.post", "pk": 221, "fields": {"title": "Terror in a Texas Town", "title_tag": null, "content": "Morbi porttitor lorem id ligula. Suspendisse ornare consequat lectus. In est risus, auctor sed, tristique in, tempus sit amet, sem.", "date_posted": "2024-06-08T15:00:00Z", "updated_at": "2026-01-09T13:03:43.704Z", "category": 12, "author": 56, "likes": []}}, {"model": "blog.post", "pk": 223, "fields": {"title": "Yellow Cab Man, The", "title_tag": null, "content": "Nulla ut erat id mauris vulputate elementum. Nullam varius. Nulla facilisi.", "date_posted": "2007-04-07T15:00:00Z", "updated_at": "2026-01-09T13:03:43.704Z", "category": 12, "author": 42, "likes": []}}, {"model": "blog.post", "pk": 239, "fields": {"title": "Roseland", "title_tag": null, "content": "Fusce posuere felis sed lacus. Morbi sem mauris, laoreet ut, rhoncus aliquet, pulvinar sed, nisl. Nunc rhoncus dui vel sem.", "date_posted": "2003-12-25T15:00:00Z", "updated_at": "2026-01-09T13:03:43.704Z", "category": 12, "author": 16, "likes": []}}, {"model": "blog.post", "pk": 242, "fields": {"title": "Mongol", "title_tag": null, "content": "Curabitur in libero ut massa volutpat convallis. Morbi odio odio, elementum eu, interdum eu, tincidunt in, leo. Maecenas pulvinar lobortis est.", "date_posted": "2021-02-09T15:00:00Z", "updated_at": "2026-01-09T13:03:43.704Z", "category": 12, "author": 20, "likes": []}}, {"model": "blog.post", "pk": 246, "fields": {"title": "The Forgotten Faces", "title_tag": null, "content": "In quis justo. Maecenas rhoncus aliquam lacus. Morbi quis tortor id nulla ultrices aliquet.", "date_posted": "2008-12-26T15:00:00Z", "updated_at": "2026-01-09T13:03:43.704Z", "category": 12, "author": 39, "likes": []}}, {"model": "blog.post", "pk": 247, "fields": {"title": "Runaway Jury", "title_tag": null, "content": "Aenean lectus. Pellentesque eget nunc. Donec quis orci eget orci vehicula condimentum.", "date_posted": "2008-11-26T15:00:00Z", "updated_at": "2026-01-09T13:03:43.704Z", "category": 5, "author": 66, "likes": []}}, {"model": "blog.post", "pk": 250, "fields": {"title": "Ill Manors", "title_tag": null, "content": "Maecenas ut massa quis augue luctus tincidunt. Nulla mollis molestie lorem. Quisque ut erat.", "date_posted": "2024-03-28T15:00:00Z", "updated_at": "2026-01-09T13:03:43.704Z", "category": 12, "author": 3, "likes": []}}, {"model": "blog.post", "pk": 254, "fields": {"title": "Knight of Cups", "title_tag": null, "content": "In hac habitasse platea dictumst. Etiam faucibus cursus urna. Ut tellus.", "date_posted": "2020-06-15T15:00:00Z", "updated_at": "2026-01-09T13:03:43.704Z", "category": 6, "author": 46, "likes": []}}, {"model": "blog.post", "pk": 255, "fields": {"title": "일곱 번째 저지수 대 정소윤", "title_tag": "일곱-번째-저지수-대-정소윤", "content": "이 게임의 승자는 누구", "date_posted": "2018-05-31T15:00:00Z", "updated_at": "2026-01-10T02:35:15.066Z", "category": 6, "author": 1, "likes": []}}, {"model": "blog.post", "pk": 262, "fields": {"title": "Under the Cherry Moon", "title_tag": null, "content": "In hac habitasse platea dictumst. Etiam faucibus cursus urna. Ut tellus.", "date_posted": "2005-07-19T15:00:00Z", "updated_at": "2026-01-09T13:03:43.704Z", "category": 6, "author": 17, "likes": []}}, {"model": "blog.post", "pk": 265, "fields": {"title": "Dawn Patrol, The (Flight Commander)", "title_tag": null, "content": "Duis bibendum. Morbi non quam nec dui luctus rutrum. Nulla tellus.", "date_posted": "2015-05-10T15:00:00Z", "updated_at": "2026-01-09T13:03:43.704Z", "category": 5, "author": 53, "likes": []}}, {"model": "blog.post", "pk": 274, "fields": {"title": "Mountains of the Moon", "title_tag": null, "content": "Praesent blandit. Nam nulla. Integer pede justo, lacinia eget, tincidunt eget, tempus vel, pede.", "date_posted": "2025-03-31T15:00:00Z", "updated_at": "2026-01-09T13:03:43.704Z", "category": 5, "author": 76, "likes": []}}, {"model": "blog.post", "pk": 275, "fields": {"title": "Ramen Girl, The", "title_tag": null, "content": "In congue. Etiam justo. Etiam pretium iaculis justo.", "date_posted": "2009-10-28T15:00:00Z", "updated_at": "2026-01-09T13:03:43.704Z", "category": 6, "author": 52, "likes": []}}, {"model": "blog.post", "pk": 277, "fields": {"title": "Waiting Game, The", "title_tag": null, "content": "Pellentesque at nulla. Suspendisse potenti. Cras in purus eu magna vulputate luctus.", "date_posted": "2014-04-08T15:00:00Z", "updated_at": "2026-01-09T13:03:43.704Z", "category": 10, "author": 12, "likes": []}}, {"model": "blog.post", "pk": 278, "fields": {"title": "역대급 라이벌", "title_tag": "역대급-라이벌", "content": "스타 대결", "date_posted": "2026-01-09T13:24:26.482Z", "updated_at": "2026-01-09T13:24:26.482Z", "category": 6, "author": 25, "likes": []}}, {"model": "blog.comment", "pk": 1, "fields": {"post": 1455, "content": "댓글", "author": 84, "date_commented": "2026-01-09T12:38:07.868Z"}}, {"model": "blog.comment", "pk": 2, "fields": {"post": 1482, "content": "test comments", "author": 1, "date_commented": "2026-01-09T12:58:05.361Z"}}, {"model": "blog.comment", "pk": 3, "fields": {"post": 1468, "content": "아무나 이겨라가 아니고 보양이 승리해야함", "author": 1, "date_commented": "2026-01-09T15:25:33.018Z"}}, {"model": "blog.comment", "pk": 4, "fields": {"post": 1461, "content": "좋아요", "author": 1, "date_commented": "2026-01-10T02:37:34.586Z"}}, {"model": "blog.comment", "pk": 5, "fields": {"post": 70, "content": "그러게요 누가 ?", "author": 1, "date_commented": "2026-01-11T13:51:43.525Z"}}, {"model": "blog.comment", "pk": 6, "fields": {"post": 70, "content": "hello", "author": 1, "date_commented": "2026-01-12T12:42:23.192Z"}}, {"model": "blog.comment", "pk": 7, "fields": {"post": 52, "content": "winner ?", "author": 1, "date_commented": "2026-01-12T13:10:22.778Z"}}, {"model": "blog.comment", "pk": 8, "fields": {"post": 52, "content": "초고속 보조 배터리", "author": 1, "date_commented": "2026-01-12T13:13:54.615Z"}}, {"model": "polls.question", "pk": 1, "fields": {"question_text": "누가 이길 까요 ?", "pub_date": "2026-01-09T13:51:10.589Z", "blog": null}}, {"model": "polls.question", "pk": 2, "fields": {"question_text": "이길 사람은", "pub_date": "2026-01-09T14:08:35.611Z", "blog": 1750}}, {"model": "polls.question", "pk": 3, "fields": {"question_text": "승자 예상", "pub_date": "2026-01-09T15:12:19.327Z", "blog": 1583}}, {"model": "polls.question", "pk": 4, "fields": {"question_text": "winner ?", "pub_date": "2026-01-09T15:19:59.267Z", "blog": 1468}}, {"model": "polls.question", "pk": 7, "fields": {"question_text": "도재욱 대 이재호", "pub_date": "2026-01-11T13:50:16.580Z", "blog": 70}}, {"model": "polls.choice", "pk": 1, "fields": {"question": 1, "choice_text": "서지수", "votes": 2}}, {"model": "polls.choice", "pk": 2, "fields": {"question": 1, "choice_text": "안아", "votes": 1}}, {"model": "polls.choice", "pk": 3, "fields": {"question": 2, "choice_text": "일번", "votes": 2}}, {"model": "polls.choice", "pk": 4, "fields": {"question": 2, "choice_text": "이번", "votes": 0}}, {"model": "polls.choice", "pk": 5, "fields": {"question": 3, "choice_text": "서지수88", "votes": 1}}, {"model": "polls.choice", "pk": 6, "fields": {"question": 3, "choice_text": "보혜--", "votes": 1}}, {"model": "polls.choice", "pk": 7, "fields": {"question": 4, "choice_text": "서양", "votes": 4}}, {"model": "polls.choice", "pk": 8, "fields": {"question": 4, "choice_text": "보양", "votes": 2}}, {"model": "polls.choice", "pk": 13, "fields": {"question": 7, "choice_text": "도재욱", "votes": 1}}, {"model": "polls.choice", "pk": 14, "fields": {"question": 7, "choice_text": "이재호", "votes": 1}}, {"model": "events.venue", "pk": 1, "fields": {"name": "대전통합시", "address": "대전", "web": "http://abc.com", "owner": 84, "venue_image": "venues/images/13.JPG"}}, {"model": "events.venue", "pk": 2, "fields": {"name": "서울", "address": "서울특별시", "web": "http://seoul.go.kr", "owner": 1, "venue_image": ""}}, {"model": "events.venue", "pk": 3, "fields": {"name": "광주", "address": "광주광역시", "web": "https://kwang.kr", "owner": 2, "venue_image": ""}}, {"model": "events.venue", "pk": 4, "fields": {"name": "경기도", "address": "경기 시흥시", "web": "http://kalpa.com", "owner": 3, "venue_image": "venues/images/28.JPG"}}, {"model": "events.venue", "pk": 5, "fields": {"name": "안양시", "address": "안양시 무슨동", "web": "http://slow.com", "owner": 4, "venue_image": ""}}, {"model": "events.venue", "pk": 6, "fields": {"name": "우리집", "address": "청사로 909 수정타운아파트", "web": "http://quark.io", "owner": 5, "venue_image": ""}}, {"model": "events.venue", "pk": 7, "fields": {"name": "너네집", "address": "팰리스 8동 99호", "web": "http://palice.co", "owner": 6, "venue_image": ""}}, {"model": "events.venue", "pk": 8, "fields": {"name": "청파동", "address": "청파동 길 2990", "web": "http://chungpa.kr", "owner": 7, "venue_image": ""}}, {"model": "events.venue", "pk": 9, "fields": {"name": "도봉동", "address": "동봉동 도서관 뒤 빌라", "web": "http://dobong.com", "owner": 8, "venue_image": ""}}, {"model": "events.favorite", "pk": 1, "fields": {"name": "고민시", "description": null, "image": "idol_images/gomisi002.jpg", "thumbnail": "thumbnails/thumbnail_gomisi002.jpg", "created_at": "2026-01-09T04:11:41.070Z"}}, {"model": "events.favorite", "pk": 2, "fields": {"name": "고민시", "description": null, "image": "idol_images/gomisi003.jpg", "thumbnail": "thumbnails/thumbnail_gomisi003.jpg", "created_at": "2026-01-09T04:11:41.105Z"}}, {"model": "events.favorite", "pk": 3, "fields": {"name": "고민시", "description": null, "image": "idol_images/gomisi004.jpg", "thumbnail": "thumbnails/thumbnail_gomisi004.jpg", "created_at": "2026-01-09T04:11:41.146Z"}}, {"model": "events.favorite", "pk": 4, "fields": {"name": "고민시", "description": null, "image": "idol_images/gomisi005.jpg", "thumbnail": "thumbnails/thumbnail_gomisi005.jpg", "created_at": "2026-01-09T04:11:41.181Z"}}, {"model": "events.favorite", "pk": 5, "fields": {"name": "고민시", "description": null, "image": "idol_images/gomisi006.jpg", "thumbnail": "thumbnails/thumbnail_gomisi006.jpg", "created_at": "2026-01-09T04:11:41.220Z"}}, {"model": "events.favorite", "pk": 6, "fields": {"name": "고민시", "description": null, "image": "idol_images/gomisi007.jpg", "thumbnail": "thumbnails/thumbnail_gomisi007.jpg", "created_at": "2026-01-09T04:11:41.269Z"}}, {"model": "events.favorite", "pk": 7, "fields": {"name": "정유미", "description": null, "image": "idol_images/jungyumi001.jpg", "thumbnail": "thumbnails/thumbnail_jungyumi001.jpg", "created_at": "2026-01-09T04:11:41.300Z"}}, {"model": "events.favorite", "pk": 8, "fields": {"name": "정유미", "description": null, "image": "idol_images/jungyumi002.jpg", "thumbnail": "thumbnails/thumbnail_jungyumi002.jpg", "created_at": "2026-01-09T04:11:41.333Z"}}, {"model": "events.favorite", "pk": 9, "fields": {"name": "정유미", "description": null, "image": "idol_images/jungyumi003.jpg", "thumbnail": "thumbnails/thumbnail_jungyumi003.jpg", "created_at": "2026-01-09T04:11:41.384Z"}}, {"model": "events.favorite", "pk": 10, "fields": {"name": "정유미", "description": null, "image": "idol_images/jungyumi004.jpg", "thumbnail": "thumbnails/thumbnail_jungyumi004.jpg", "created_at": "2026-01-09T04:11:41.415Z"}}, {"model": "events.favorite", "pk": 11, "fields": {"name": "김태리", "description": null, "image": "idol_images/kimtaeli001.jpg", "thumbnail": "thumbnails/thumbnail_kimtaeli001.jpg", "created_at": "2026-01-09T04:11:41.448Z"}}, {"model": "events.favorite", "pk": 12, "fields": {"name": "김태리", "description": null, "image": "idol_images/kimtaeli002.jpg", "thumbnail": "thumbnails/thumbnail_kimtaeli002.jpg", "created_at": "2026-01-09T04:11:41.479Z"}}, {"model": "events.favorite", "pk": 13, "fields": {"name": "김태리", "description": null, "image": "idol_images/kimtaeli003.jpg", "thumbnail": "thumbnails/thumbnail_kimtaeli003.jpg", "created_at": "2026-01-09T04:11:41.507Z"}}, {"model": "events.favorite", "pk": 14, "fields": {"name": "김태리", "description": null, "image": "idol_images/kimtaeli004.jpg", "thumbnail": "thumbnails/thumbnail_kimtaeli004.jpg", "created_at": "2026-01-09T04:11:41.540Z"}}, {"model": "events.favorite", "pk": 15, "fields": {"name": "김태리", "description": null, "image": "idol_images/kimtaeli005.jpg", "thumbnail": "thumbnails/thumbnail_kimtaeli005.jpg", "created_at": "2026-01-09T04:11:41.574Z"}}, {"model": "events.favorite", "pk": 16, "fields": {"name": "김태리", "description": null, "image": "idol_images/kimtaeli006.jpg", "thumbnail": "thumbnails/thumbnail_kimtaeli006.jpg", "created_at": "2026-01-09T04:11:41.613Z"}}, {"model": "events.favorite", "pk": 17, "fields": {"name": "김태리", "description": null, "image": "idol_images/kimtaeli007.jpg", "thumbnail": "thumbnails/thumbnail_kimtaeli007.jpg", "created_at": "2026-01-09T04:11:41.651Z"}}, {"model": "events.favorite", "pk": 18, "fields": {"name": "브랙핑크", "description": null, "image": "idol_images/pb007.jpg", "thumbnail": "thumbnails/thumbnail_pb007.jpg", "created_at": "2026-01-09T04:11:41.689Z"}}, {"model": "events.favorite", "pk": 19, "fields": {"name": "서예지", "description": null, "image": "idol_images/seoyaji001.jpg", "thumbnail": "thumbnails/thumbnail_seoyaji001.jpg", "created_at": "2026-01-09T04:11:41.722Z"}}, {"model": "events.favorite", "pk": 20, "fields": {"name": "서예지", "description": null, "image": "idol_images/seoyaji002.jpg", "thumbnail": "thumbnails/thumbnail_seoyaji002.jpg", "created_at": "2026-01-09T04:11:41.759Z"}}, {"model": "events.favorite", "pk": 21, "fields": {"name": "서예지", "description": null, "image": "idol_images/seoyaji003.png", "thumbnail": "thumbnails/thumbnail_seoyaji003.png", "created_at": "2026-01-09T04:11:41.795Z"}}, {"model": "events.favorite", "pk": 22, "fields": {"name": "서예지", "description": null, "image": "idol_images/seoyaji006.jpg", "thumbnail": "thumbnails/thumbnail_seoyaji006.jpg", "created_at": "2026-01-09T04:11:41.847Z"}}, {"model": "events.favorite", "pk": 23, "fields": {"name": "서예지", "description": null, "image": "idol_images/seoyaji008.jpg", "thumbnail": "thumbnails/thumbnail_seoyaji008.jpg", "created_at": "2026-01-09T04:11:41.929Z"}}, {"model": "events.favorite", "pk": 24, "fields": {"name": "서예지", "description": null, "image": "idol_images/seoyaji009.jpg", "thumbnail": "thumbnails/thumbnail_seoyaji009.jpg", "created_at": "2026-01-09T04:11:41.965Z"}}, {"model": "events.favorite", "pk": 25, "fields": {"name": "서예지", "description": null, "image": "idol_images/seoyaji010.jpg", "thumbnail": "thumbnails/thumbnail_seoyaji010.jpg", "created_at": "2026-01-09T04:11:42.001Z"}}, {"model": "events.favorite", "pk": 26, "fields": {"name": "서예지", "description": null, "image": "idol_images/seoyaji011.jpg", "thumbnail": "thumbnails/thumbnail_seoyaji011.jpg", "created_at": "2026-01-09T04:11:42.036Z"}}, {"model": "events.favorite", "pk": 27, "fields": {"name": "서예지", "description": null, "image": "idol_images/seoyaji012.jpg", "thumbnail": "thumbnails/thumbnail_seoyaji012.jpg", "created_at": "2026-01-09T04:11:42.072Z"}}, {"model": "events.favorite", "pk": 28, "fields": {"name": "설현", "description": null, "image": "idol_images/sulhyun001.jpg", "thumbnail": "thumbnails/thumbnail_sulhyun001.jpg", "created_at": "2026-01-09T04:11:42.108Z"}}, {"model": "events.favorite", "pk": 29, "fields": {"name": "설현", "description": null, "image": "idol_images/sulhyun002.jpg", "thumbnail": "thumbnails/thumbnail_sulhyun002.jpg", "created_at": "2026-01-09T04:11:42.138Z"}}, {"model": "events.favorite", "pk": 30, "fields": {"name": "설현", "description": null, "image": "idol_images/sulhyun003.jpg", "thumbnail": "thumbnails/thumbnail_sulhyun003.jpg", "created_at": "2026-01-09T04:11:42.169Z"}}, {"model": "events.favorite", "pk": 31, "fields": {"name": "설현", "description": null, "image": "idol_images/sulhyun005.jpg", "thumbnail": "thumbnails/thumbnail_sulhyun005.jpg", "created_at": "2026-01-09T04:11:42.199Z"}}, {"model": "events.favorite", "pk": 32, "fields": {"name": "설현", "description": null, "image": "idol_images/sulhyun006.jpg", "thumbnail": "thumbnails/thumbnail_sulhyun006.jpg", "created_at": "2026-01-09T04:11:42.233Z"}}, {"model": "events.favorite", "pk": 33, "fields": {"name": "설현", "description": null, "image": "idol_images/sulhyun007.jpg", "thumbnail": "thumbnails/thumbnail_sulhyun007.jpg", "created_at": "2026-01-09T04:11:42.266Z"}}, {"model": "events.favorite", "pk": 34, "fields": {"name": "트와이스", "description": null, "image": "idol_images/tiwce-dahyun001.png", "thumbnail": "thumbnails/thumbnail_tiwce-dahyun001.png", "created_at": "2026-01-09T04:11:42.304Z"}}, {"model": "events.favorite", "pk": 35, "fields": {"name": "트와이스", "description": null, "image": "idol_images/tiwce-dahyun005.jpg", "thumbnail": "thumbnails/thumbnail_tiwce-dahyun005.jpg", "created_at": "2026-01-09T04:11:42.353Z"}}, {"model": "events.favorite", "pk": 36, "fields": {"name": "트와이스", "description": null, "image": "idol_images/twice-mina001.jpg", "thumbnail": "thumbnails/thumbnail_twice-mina001.jpg", "created_at": "2026-01-09T04:11:42.386Z"}}, {"model": "events.favorite", "pk": 37, "fields": {"name": "트와이스", "description": null, "image": "idol_images/twice002.jpg", "thumbnail": "thumbnails/thumbnail_twice002.jpg", "created_at": "2026-01-09T04:11:42.421Z"}}, {"model": "events.favorite", "pk": 38, "fields": {"name": "트와이스", "description": null, "image": "idol_images/twice003.jpg", "thumbnail": "thumbnails/thumbnail_twice003.jpg", "created_at": "2026-01-09T04:11:42.453Z"}}, {"model": "events.favorite", "pk": 39, "fields": {"name": "트와이스", "description": null, "image": "idol_images/twice009.webp", "thumbnail": "thumbnails/thumbnail_twice009.webp", "created_at": "2026-01-09T04:11:42.488Z"}}, {"model": "events.favorite", "pk": 40, "fields": {"name": "브랙핑크", "description": null, "image": "idol_images/bp001.jpg", "thumbnail": "thumbnails/thumbnail_bp001.jpg", "created_at": "2026-01-09T04:11:42.646Z"}}, {"model": "events.favorite", "pk": 41, "fields": {"name": "브랙핑크", "description": null, "image": "idol_images/bp002.jpg", "thumbnail": "thumbnails/thumbnail_bp002.jpg", "created_at": "2026-01-09T04:11:42.681Z"}}, {"model": "events.favorite", "pk": 42, "fields": {"name": "브랙핑크", "description": null, "image": "idol_images/bp003.jpg", "thumbnail": "thumbnails/thumbnail_bp003.jpg", "created_at": "2026-01-09T04:11:42.720Z"}}, {"model": "events.favorite", "pk": 43, "fields": {"name": "브랙핑크", "description": null, "image": "idol_images/bp004.jpg", "thumbnail": "thumbnails/thumbnail_bp004.jpg", "created_at": "2026-01-09T04:11:42.753Z"}}, {"model": "events.favorite", "pk": 44, "fields": {"name": "브랙핑크", "description": null, "image": "idol_images/bp005.jpg", "thumbnail": "thumbnails/thumbnail_bp005.jpg", "created_at": "2026-01-09T04:11:42.787Z"}}, {"model": "events.favorite", "pk": 45, "fields": {"name": "브랙핑크", "description": null, "image": "idol_images/bp006.jpg", "thumbnail": "thumbnails/thumbnail_bp006.jpg", "created_at": "2026-01-09T04:11:42.840Z"}}, {"model": "events.favorite", "pk": 46, "fields": {"name": "브랙핑크", "description": null, "image": "idol_images/bp007.jpg", "thumbnail": "thumbnails/thumbnail_bp007.jpg", "created_at": "2026-01-09T04:11:42.871Z"}}, {"model": "events.favorite", "pk": 47, "fields": {"name": "브랙핑크", "description": null, "image": "idol_images/bp008.jpg", "thumbnail": "thumbnails/thumbnail_bp008.jpg", "created_at": "2026-01-09T04:11:42.903Z"}}, {"model": "events.favorite", "pk": 48, "fields": {"name": "브랙핑크", "description": null, "image": "idol_images/bp009.jpg", "thumbnail": "thumbnails/thumbnail_bp009.jpg", "created_at": "2026-01-09T04:11:42.949Z"}}, {"model": "events.favorite", "pk": 49, "fields": {"name": "브랙핑크", "description": null, "image": "idol_images/bp010.jpg", "thumbnail": "thumbnails/thumbnail_bp010.jpg", "created_at": "2026-01-09T04:11:42.982Z"}}, {"model": "events.favorite", "pk": 50, "fields": {"name": "브랙핑크", "description": null, "image": "idol_images/bp011.jpg", "thumbnail": "thumbnails/thumbnail_bp011.jpg", "created_at": "2026-01-09T04:11:43.016Z"}}, {"model": "events.favorite", "pk": 51, "fields": {"name": "브랙핑크", "description": null, "image": "idol_images/bp013.jpg", "thumbnail": "thumbnails/thumbnail_bp013.jpg", "created_at": "2026-01-09T04:11:43.050Z"}}, {"model": "events.favorite", "pk": 52, "fields": {"name": "브랙핑크", "description": null, "image": "idol_images/bp015.jpg", "thumbnail": "thumbnails/thumbnail_bp015.jpg", "created_at": "2026-01-09T04:11:43.088Z"}}, {"model": "events.favorite", "pk": 53, "fields": {"name": "브랙핑크", "description": null, "image": "idol_images/pb-jisu001.jpg", "thumbnail": "thumbnails/thumbnail_pb-jisu001.jpg", "created_at": "2026-01-09T04:11:43.140Z"}}, {"model": "events.favorite", "pk": 54, "fields": {"name": "브랙핑크", "description": null, "image": "idol_images/pb-jisu002.jpg", "thumbnail": "thumbnails/thumbnail_pb-jisu002.jpg", "created_at": "2026-01-09T04:11:43.175Z"}}, {"model": "events.favorite", "pk": 55, "fields": {"name": "브랙핑크", "description": null, "image": "idol_images/pb-jisu003.jpg", "thumbnail": "thumbnails/thumbnail_pb-jisu003.jpg", "created_at": "2026-01-09T04:11:43.267Z"}}, {"model": "events.favorite", "pk": 56, "fields": {"name": "브랙핑크 제니", "description": null, "image": "idol_images/제니001.jpg", "thumbnail": "thumbnails/thumbnail_제니001.jpg", "created_at": "2026-01-09T04:11:43.411Z"}}, {"model": "events.favorite", "pk": 57, "fields": {"name": "브랙핑크 제니", "description": null, "image": "idol_images/제니002.jpg", "thumbnail": "thumbnails/thumbnail_제니002.jpg", "created_at": "2026-01-09T04:11:43.444Z"}}, {"model": "events.favorite", "pk": 58, "fields": {"name": "브랙핑크 제니", "description": null, "image": "idol_images/제니003.jpg", "thumbnail": "thumbnails/thumbnail_제니003.jpg", "created_at": "2026-01-09T04:11:43.475Z"}}, {"model": "events.favorite", "pk": 59, "fields": {"name": "브랙핑크 제니", "description": null, "image": "idol_images/제니004.jpg", "thumbnail": "thumbnails/thumbnail_제니004.jpg", "created_at": "2026-01-09T04:11:43.504Z"}}, {"model": "events.favorite", "pk": 60, "fields": {"name": "브랙핑크 제니", "description": null, "image": "idol_images/제니008.jpg", "thumbnail": "thumbnails/thumbnail_제니008.jpg", "created_at": "2026-01-09T04:11:43.563Z"}}, {"model": "events.favorite", "pk": 61, "fields": {"name": "브랙핑크 제니", "description": null, "image": "idol_images/제니009.jpg", "thumbnail": "thumbnails/thumbnail_제니009.jpg", "created_at": "2026-01-09T04:11:43.599Z"}}, {"model": "events.favorite", "pk": 62, "fields": {"name": "브랙핑크 제니", "description": null, "image": "idol_images/제니010.jpg", "thumbnail": "thumbnails/thumbnail_제니010.jpg", "created_at": "2026-01-09T04:11:43.640Z"}}, {"model": "events.favorite", "pk": 63, "fields": {"name": "브랙핑크 제니", "description": null, "image": "idol_images/제니011.jpg", "thumbnail": "thumbnails/thumbnail_제니011.jpg", "created_at": "2026-01-09T04:11:43.673Z"}}, {"model": "events.favorite", "pk": 64, "fields": {"name": "브랙핑크 제니", "description": null, "image": "idol_images/제니012.jpg", "thumbnail": "thumbnails/thumbnail_제니012.jpg", "created_at": "2026-01-09T04:11:43.703Z"}}, {"model": "events.favorite", "pk": 65, "fields": {"name": "브랙핑크 제니", "description": null, "image": "idol_images/제니013.jpg", "thumbnail": "thumbnails/thumbnail_제니013.jpg", "created_at": "2026-01-09T04:11:43.745Z"}}, {"model": "events.favorite", "pk": 66, "fields": {"name": "브랙핑크 제니", "description": null, "image": "idol_images/제니014.jpg", "thumbnail": "thumbnails/thumbnail_제니014.jpg", "created_at": "2026-01-09T04:11:43.837Z"}}, {"model": "events.favorite", "pk": 67, "fields": {"name": "브랙핑크 제니", "description": null, "image": "idol_images/제니015.jpg", "thumbnail": "thumbnails/thumbnail_제니015.jpg", "created_at": "2026-01-09T04:11:43.990Z"}}, {"model": "events.favorite", "pk": 68, "fields": {"name": "브랙핑크 제니", "description": null, "image": "idol_images/제지005.jpg", "thumbnail": "thumbnails/thumbnail_제지005.jpg", "created_at": "2026-01-09T04:11:44.064Z"}}, {"model": "events.favorite", "pk": 69, "fields": {"name": "설현", "description": null, "image": "idol_images/etc_3.jpg", "thumbnail": "thumbnails/thumbnail_etc_3.jpg", "created_at": "2026-01-09T04:11:44.566Z"}}, {"model": "events.favorite", "pk": 70, "fields": {"name": "아이브", "description": null, "image": "idol_images/ive.jpg", "thumbnail": "thumbnails/thumbnail_ive.jpg", "created_at": "2026-01-09T04:11:44.954Z"}}, {"model": "events.favorite", "pk": 71, "fields": {"name": "지수003", "description": null, "image": "idol_images/지수003.png", "thumbnail": "thumbnails/thumbnail_지수003.png", "created_at": "2026-01-09T04:11:44.104Z"}}, {"model": "events.favorite", "pk": 72, "fields": {"name": "지수004 (2)", "description": null, "image": "idol_images/지수004_2.jpg", "thumbnail": "thumbnails/thumbnail_지수004_2.jpg", "created_at": "2026-01-09T04:11:44.161Z"}}, {"model": "events.favorite", "pk": 73, "fields": {"name": "지수004", "description": null, "image": "idol_images/지수004.jpg", "thumbnail": "thumbnails/thumbnail_지수004.jpg", "created_at": "2026-01-09T04:11:44.199Z"}}, {"model": "events.favorite", "pk": 74, "fields": {"name": "지수006", "description": null, "image": "idol_images/지수006.jpg", "thumbnail": "thumbnails/thumbnail_지수006.jpg", "created_at": "2026-01-09T04:11:44.229Z"}}, {"model": "events.favorite", "pk": 75, "fields": {"name": "르세라핌 사쿠라", "description": null, "image": "idol_images/etc_15.jpg", "thumbnail": "thumbnails/thumbnail_etc_15.jpg", "created_at": "2026-01-09T04:11:44.436Z"}}, {"model": "events.favorite", "pk": 76, "fields": {"name": "아이유", "description": null, "image": "idol_images/etc_17.jpg", "thumbnail": "thumbnails/thumbnail_etc_17.jpg", "created_at": "2026-01-09T04:11:44.502Z"}}, {"model": "events.favorite", "pk": 77, "fields": {"name": "설현", "description": null, "image": "idol_images/etc_16.jpg", "thumbnail": "thumbnails/thumbnail_etc_16.jpg", "created_at": "2026-01-09T04:11:44.469Z"}}, {"model": "events.favorite", "pk": 78, "fields": {"name": "박보영", "description": null, "image": "idol_images/etc_14.jpg", "thumbnail": "thumbnails/thumbnail_etc_14.jpg", "created_at": "2026-01-09T04:11:44.393Z"}}, {"model": "events.favorite", "pk": 79, "fields": {"name": "임나영", "description": null, "image": "idol_images/etc_6.jpg", "thumbnail": "thumbnails/thumbnail_etc_6.jpg", "created_at": "2026-01-09T04:11:44.666Z"}}, {"model": "events.favorite", "pk": 80, "fields": {"name": "걸스데이", "description": null, "image": "idol_images/etc_4.jpg", "thumbnail": "thumbnails/thumbnail_etc_4.jpg", "created_at": "2026-01-09T04:11:44.599Z"}}, {"model": "events.favorite", "pk": 81, "fields": {"name": "박보영", "description": null, "image": "idol_images/etc_13.jpg", "thumbnail": "thumbnails/thumbnail_etc_13.jpg", "created_at": "2026-01-09T04:11:44.352Z"}}, {"model": "events.favorite", "pk": 82, "fields": {"name": "아이브", "description": null, "image": "idol_images/ive001.webp", "thumbnail": "thumbnails/thumbnail_ive001.webp", "created_at": "2026-01-09T04:11:44.998Z"}}, {"model": "events.favorite", "pk": 83, "fields": {"name": "에이핑크", "description": null, "image": "idol_images/etc_8.jpg", "thumbnail": "thumbnails/thumbnail_etc_8.jpg", "created_at": "2026-01-09T04:11:44.738Z"}}, {"model": "events.favorite", "pk": 84, "fields": {"name": "아이유", "description": null, "image": "idol_images/etc_12.jpg", "thumbnail": "thumbnails/thumbnail_etc_12.jpg", "created_at": "2026-01-09T04:11:44.320Z"}}, {"model": "events.favorite", "pk": 85, "fields": {"name": "르세라핌 유진", "description": null, "image": "idol_images/etc.jpg", "thumbnail": "thumbnails/thumbnail_etc.jpg", "created_at": "2026-01-09T04:11:44.815Z"}}, {"model": "events.favorite", "pk": 86, "fields": {"name": "강혜원", "description": null, "image": "idol_images/etc.png", "thumbnail": "thumbnails/thumbnail_etc.png", "created_at": "2026-01-09T04:11:44.851Z"}}, {"model": "events.favorite", "pk": 87, "fields": {"name": "Shakira", "description": null, "image": "idol_images/etc_5.jpg", "thumbnail": "thumbnails/thumbnail_etc_5.jpg", "created_at": "2026-01-09T04:11:44.630Z"}}, {"model": "events.favorite", "pk": 88, "fields": {"name": "아이유", "description": null, "image": "idol_images/etc_11.jpg", "thumbnail": "thumbnails/thumbnail_etc_11.jpg", "created_at": "2026-01-09T04:11:44.286Z"}}, {"model": "events.favorite", "pk": 89, "fields": {"name": "걸스데이", "description": null, "image": "idol_images/etc_2.jpg", "thumbnail": "thumbnails/thumbnail_etc_2.jpg", "created_at": "2026-01-09T04:11:44.533Z"}}, {"model": "events.favorite", "pk": 90, "fields": {"name": "Sophia_Bush", "description": "양키 여자", "image": "idol_images/Sophia_Bush.jpg", "thumbnail": "thumbnails/thumbnail_idol_images/Sophia_Bush_KwYhqv6.jpg", "created_at": "2026-01-09T04:11:44.883Z"}}, {"model": "events.favorite", "pk": 91, "fields": {"name": "르세라핌 김채원", "description": null, "image": "idol_images/etc_10.jpg", "thumbnail": "thumbnails/thumbnail_etc_10.jpg", "created_at": "2026-01-09T04:11:44.251Z"}}, {"model": "events.favorite", "pk": 92, "fields": {"name": "아이브", "description": null, "image": "idol_images/ive002.webp", "thumbnail": "thumbnails/thumbnail_ive002.webp", "created_at": "2026-01-09T04:11:45.054Z"}}, {"model": "events.favorite", "pk": 93, "fields": {"name": "아이브", "description": null, "image": "idol_images/ive003.webp", "thumbnail": "thumbnails/thumbnail_ive003.webp", "created_at": "2026-01-09T04:11:45.096Z"}}, {"model": "events.favorite", "pk": 94, "fields": {"name": "아이브", "description": null, "image": "idol_images/ive004.jpg", "thumbnail": "thumbnails/thumbnail_ive004.jpg", "created_at": "2026-01-09T04:11:45.140Z"}}, {"model": "events.favorite", "pk": 95, "fields": {"name": "아이브", "description": null, "image": "idol_images/ive005.jpg", "thumbnail": "thumbnails/thumbnail_ive005.jpg", "created_at": "2026-01-09T04:11:45.175Z"}}, {"model": "events.favorite", "pk": 96, "fields": {"name": "아이브", "description": null, "image": "idol_images/ive006.jpg", "thumbnail": "thumbnails/thumbnail_ive006.jpg", "created_at": "2026-01-09T04:11:45.199Z"}}, {"model": "events.favorite", "pk": 97, "fields": {"name": "아이브", "description": null, "image": "idol_images/ive007.jpg", "thumbnail": "thumbnails/thumbnail_ive007.jpg", "created_at": "2026-01-09T04:11:45.235Z"}}, {"model": "events.favorite", "pk": 98, "fields": {"name": "아이브", "description": null, "image": "idol_images/ive008.jpg", "thumbnail": "thumbnails/thumbnail_ive008.jpg", "created_at": "2026-01-09T04:11:45.307Z"}}, {"model": "events.favorite", "pk": 99, "fields": {"name": "아이브", "description": null, "image": "idol_images/ive009.jpg", "thumbnail": "thumbnails/thumbnail_ive009.jpg", "created_at": "2026-01-09T04:11:45.368Z"}}, {"model": "events.favorite", "pk": 100, "fields": {"name": "아이브", "description": null, "image": "idol_images/ive010.webp", "thumbnail": "thumbnails/thumbnail_ive010.webp", "created_at": "2026-01-09T04:11:45.391Z"}}, {"model": "events.favorite", "pk": 101, "fields": {"name": "아이브", "description": null, "image": "idol_images/ive011.webp", "thumbnail": "thumbnails/thumbnail_ive011.webp", "created_at": "2026-01-09T04:11:45.479Z"}}, {"model": "events.favorite", "pk": 102, "fields": {"name": "아이브", "description": null, "image": "idol_images/ive012.jpg", "thumbnail": "thumbnails/thumbnail_ive012.jpg", "created_at": "2026-01-09T04:11:45.563Z"}}, {"model": "events.favorite", "pk": 103, "fields": {"name": "아이브", "description": null, "image": "idol_images/ive014.jpg", "thumbnail": "thumbnails/thumbnail_ive014.jpg", "created_at": "2026-01-09T04:11:45.599Z"}}, {"model": "events.favorite", "pk": 104, "fields": {"name": "아이브", "description": null, "image": "idol_images/ive016.jpg", "thumbnail": "thumbnails/thumbnail_ive016.jpg", "created_at": "2026-01-09T04:11:45.679Z"}}, {"model": "events.favorite", "pk": 105, "fields": {"name": "아이브", "description": null, "image": "idol_images/ive017.jpg", "thumbnail": "thumbnails/thumbnail_ive017.jpg", "created_at": "2026-01-09T04:11:45.715Z"}}, {"model": "events.favorite", "pk": 106, "fields": {"name": "아이브", "description": null, "image": "idol_images/ive018.png", "thumbnail": "thumbnails/thumbnail_ive018.png", "created_at": "2026-01-09T04:11:45.752Z"}}, {"model": "events.favorite", "pk": 107, "fields": {"name": "아이브", "description": null, "image": "idol_images/ive019.webp", "thumbnail": "thumbnails/thumbnail_ive019.webp", "created_at": "2026-01-09T04:11:45.787Z"}}, {"model": "events.favorite", "pk": 108, "fields": {"name": "아이브", "description": null, "image": "idol_images/ive020.jpg", "thumbnail": "thumbnails/thumbnail_ive020.jpg", "created_at": "2026-01-09T04:11:45.855Z"}}, {"model": "events.favorite", "pk": 109, "fields": {"name": "아이브", "description": null, "image": "idol_images/ive021.jpg", "thumbnail": "thumbnails/thumbnail_ive021.jpg", "created_at": "2026-01-09T04:11:45.887Z"}}, {"model": "events.favorite", "pk": 110, "fields": {"name": "아이브", "description": null, "image": "idol_images/ive023.jpg", "thumbnail": "thumbnails/thumbnail_ive023.jpg", "created_at": "2026-01-09T04:11:45.926Z"}}, {"model": "events.favorite", "pk": 111, "fields": {"name": "아이브", "description": null, "image": "idol_images/ive024.jpg", "thumbnail": "thumbnails/thumbnail_ive024.jpg", "created_at": "2026-01-09T04:11:45.960Z"}}, {"model": "events.favorite", "pk": 112, "fields": {"name": "아이브", "description": null, "image": "idol_images/ive025.jpg", "thumbnail": "thumbnails/thumbnail_ive025.jpg", "created_at": "2026-01-09T04:11:45.996Z"}}, {"model": "events.favorite", "pk": 113, "fields": {"name": "아이브", "description": null, "image": "idol_images/ive026.webp", "thumbnail": "thumbnails/thumbnail_ive026.webp", "created_at": "2026-01-09T04:11:46.040Z"}}, {"model": "events.favorite", "pk": 114, "fields": {"name": "설현", "description": null, "image": "idol_images/etc_7.jpg", "thumbnail": "thumbnails/thumbnail_etc_7.jpg", "created_at": "2026-01-09T04:11:44.703Z"}}, {"model": "events.favorite", "pk": 115, "fields": {"name": "양지", "description": null, "image": "idol_images/Yang_Zi.jpg", "thumbnail": "thumbnails/thumbnail_Yang_Zi.jpg", "created_at": "2026-01-09T04:11:44.919Z"}}, {"model": "events.favorite", "pk": 116, "fields": {"name": "강혜원", "description": null, "image": "idol_images/download_QbycY14.jpg", "thumbnail": "thumbnails/thumbnail_download_QbycY14.jpg", "created_at": "2026-01-09T05:08:37.537Z"}}, {"model": "events.favorite", "pk": 117, "fields": {"name": "고민시", "description": null, "image": "idol_images/gomisi001.jpg", "thumbnail": "thumbnails/thumbnail_gomisi001.jpg", "created_at": "2026-01-09T04:11:41.003Z"}}, {"model": "events.favorite", "pk": 118, "fields": {"name": "브랙핑크 제니", "description": null, "image": "idol_images/제니007.jpg", "thumbnail": "thumbnails/thumbnail_제니007.jpg", "created_at": "2026-01-09T04:11:43.523Z"}}, {"model": "events.favorite", "pk": 119, "fields": {"name": "브랙핑크 제니", "description": null, "image": "idol_images/제니016.jpg", "thumbnail": "thumbnails/thumbnail_제니016.jpg", "created_at": "2026-01-09T04:11:44.028Z"}}, {"model": "events.favorite", "pk": 120, "fields": {"name": "걸스데이", "description": null, "image": "idol_images/images.jpg", "thumbnail": "thumbnails/thumbnail_images.jpg", "created_at": "2026-01-09T05:23:52.283Z"}}, {"model": "events.favorite", "pk": 121, "fields": {"name": "Martina Garcia", "description": "Martina Garcia", "image": "idol_images/images_4.jpg", "thumbnail": "thumbnails/thumbnail_images_4.jpg", "created_at": "2026-01-17T14:25:27.246Z"}}, {"model": "events.favorite", "pk": 122, "fields": {"name": "Martina Garcia", "description": "Martina Garcia", "image": "idol_images/images_5.jpg", "thumbnail": "thumbnails/thumbnail_images_5.jpg", "created_at": "2026-01-17T14:27:41.277Z"}}, {"model": "events.favorite", "pk": 123, "fields": {"name": "Martina Garcia", "description": null, "image": "idol_images/images_6.jpg", "thumbnail": "thumbnails/thumbnail_images_6.jpg", "created_at": "2026-01-17T14:28:06.213Z"}}, {"model": "events.favorite", "pk": 124, "fields": {"name": "Martina Garcia", "description": null, "image": "idol_images/images_7.jpg", "thumbnail": "thumbnails/thumbnail_images_7.jpg", "created_at": "2026-01-17T14:28:26.991Z"}}, {"model": "events.favorite", "pk": 125, "fields": {"name": "Martina Garcia", "description": null, "image": "idol_images/images_8.jpg", "thumbnail": "thumbnails/thumbnail_images_8.jpg", "created_at": "2026-01-17T14:29:01.431Z"}}, {"model": "events.favorite", "pk": 126, "fields": {"name": "Martina Garcia", "description": null, "image": "idol_images/다운로드_1.jpg", "thumbnail": "thumbnails/thumbnail_다운로드_1.jpg", "created_at": "2026-01-17T14:29:32.966Z"}}, {"model": "events.favorite", "pk": 127, "fields": {"name": "제시카 알바", "description": null, "image": "idol_images/images_1.jpg", "thumbnail": "thumbnails/thumbnail_images_1.jpg", "created_at": "2026-01-17T14:30:20.751Z"}}, {"model": "events.favorite", "pk": 129, "fields": {"name": "제시카 알바", "description": null, "image": "idol_images/images_2.jpg", "thumbnail": "thumbnails/thumbnail_images_2.jpg", "created_at": "2026-01-17T14:31:11.678Z"}}, {"model": "events.favorite", "pk": 130, "fields": {"name": "제시카 알바", "description": null, "image": "idol_images/images_rpimtR8.jpg", "thumbnail": "thumbnails/thumbnail_images_rpimtR8.jpg", "created_at": "2026-01-17T14:35:45.278Z"}}, {"model": "events.event", "pk": 1, "fields": {"title": "idols 삭제", "description": "뮤직", "start_date": "2026-01-10T13:25:00Z", "end_date": "2026-01-10T13:25:00Z", "created_at": "2026-01-10T13:26:37.742Z", "is_completed": true, "venue": null, "manager": 1, "attendees": []}}, {"model": "events.event", "pk": 2, "fields": {"title": "코스피 6000 가능할 까요", "description": "이제명 대통령이 5000을 이야기 했는데<br>\r\n6000도 가능할 까요", "start_date": "2026-01-14T13:29:00Z", "end_date": "2026-01-16T03:31:00Z", "created_at": "2026-01-10T13:30:23.334Z", "is_completed": false, "venue": 1, "manager": 84, "attendees": [22, 27, 42, 55, 59, 65]}}, {"model": "events.event", "pk": 6, "fields": {"title": "잡자", "description": "잡자고", "start_date": "2026-01-13T01:07:00Z", "end_date": "2026-01-12T01:07:00Z", "created_at": "2026-01-11T01:07:29.771Z", "is_completed": false, "venue": 4, "manager": 41, "attendees": [35, 38]}}, {"model": "events.event", "pk": 7, "fields": {"title": "하나 추가", "description": "추가하기", "start_date": "2026-01-11T01:12:00Z", "end_date": "2026-01-13T01:12:00Z", "created_at": "2026-01-11T01:13:19.094Z", "is_completed": false, "venue": 4, "manager": 84, "attendees": [38, 86, 90]}}, {"model": "events.event", "pk": 8, "fields": {"title": "손해를 봤습니다.", "description": "공1업 끝", "start_date": "2026-01-11T01:27:00Z", "end_date": "2026-01-15T11:47:00Z", "created_at": "2026-01-11T01:27:28.986Z", "is_completed": false, "venue": 4, "manager": 22, "attendees": [38]}}, {"model": "events.event", "pk": 9, "fields": {"title": "앞마당", "description": "뭐하지요", "start_date": "2026-01-12T11:46:00Z", "end_date": "2026-01-14T11:47:00Z", "created_at": "2026-01-12T11:47:06.776Z", "is_completed": false, "venue": 7, "manager": 41, "attendees": [4, 6, 16, 86]}}, {"model": "events.event", "pk": 10, "fields": {"title": "베터리 교체", "description": "베터리 값 150,000원 정도<br>\r\n공임 18,000원", "start_date": "2026-01-15T11:48:00Z", "end_date": "2026-01-18T11:48:00Z", "created_at": "2026-01-12T11:49:25.511Z", "is_completed": false, "venue": 1, "manager": 3, "attendees": [61, 62, 64]}}, {"model": "eshop.category", "pk": 2, "fields": {"name": "Books", "meta_description": "", "slug": "books"}}, {"model": "eshop.category", "pk": 3, "fields": {"name": "Electronics", "meta_description": "", "slug": "electronics"}}, {"model": "eshop.category", "pk": 4, "fields": {"name": "Clothing", "meta_description": "", "slug": "clothing"}}, {"model": "eshop.category", "pk": 5, "fields": {"name": "Home Appliance", "meta_description": "", "slug": "home-appliance"}}, {"model": "eshop.category", "pk": 6, "fields": {"name": "kitchen ware", "meta_description": "", "slug": "kitchen-ware"}}, {"model": "eshop.category", "pk": 7, "fields": {"name": "Cosmetics", "meta_description": "", "slug": "cosmetics"}}, {"model": "eshop.category", "pk": 8, "fields": {"name": "Sports ware", "meta_description": "", "slug": "sports-ware"}}, {"model": "eshop.category", "pk": 9, "fields": {"name": "Travel", "meta_description": "", "slug": "travel"}}, {"model": "eshop.category", "pk": 10, "fields": {"name": "Animals", "meta_description": "", "slug": "animals"}}, {"model": "eshop.category", "pk": 11, "fields": {"name": "Phone and Accesseries", "meta_description": "", "slug": "phone-and-accesseries"}}, {"model": "eshop.product", "pk": 1, "fields": {"category": 2, "name": "Clean Code: A Handbook of Agile Software Craftsmanship", "slug": "product-1", "image": "products/2026/01/17/2000_Hybrid_Theory.jpg", "made_by": "Robert C. Martin", "description": "책 입니다.", "meta_description": "컴퓨터", "price": "12000.00", "stock": 20, "created": "2026-01-17T02:15:02.891Z", "updated": "2026-01-17T02:16:01.134Z"}}, {"model": "eshop.product", "pk": 2, "fields": {"category": 2, "name": "Pride and Prejudice", "slug": "pride-and-prejudice", "image": "products/2026/01/17/.trashed-1727875543-cover_1.jpg", "made_by": "Jane Austen", "description": "A classic novel about the emotional development of the protagonist, Elizabeth Bennet.", "meta_description": "소설,978-0141439518", "price": "5000.00", "stock": 60, "created": "2026-01-17T02:18:10.729Z", "updated": "2026-01-17T02:18:10.729Z"}}, {"model": "eshop.product", "pk": 3, "fields": {"category": 2, "name": "1984", "slug": "1984", "image": "products/2026/01/17/2002_Reanimation.jpg", "made_by": "George Orwell", "description": "A dystopian novel set in Airstrip One, a province of the superstate Oceania in a world of perpetual war, omnipresent government surveillance, and public manipulation.", "meta_description": "978-0451524935", "price": "6000.00", "stock": 90, "created": "2026-01-17T02:19:19.076Z", "updated": "2026-01-17T02:19:19.076Z"}}, {"model": "eshop.product", "pk": 4, "fields": {"category": 2, "name": "Animal Farm", "slug": "animal-farm", "image": "products/2026/01/17/2003_Live_in_Texas.jpg", "made_by": "George Orwell", "description": "An allegorical novella reflecting events leading up to the Russian Revolution of 1917 and then on into the Stalinist era of the Soviet Union.", "meta_description": "978-0451526342", "price": "5000.00", "stock": 30, "created": "2026-01-17T02:20:41.368Z", "updated": "2026-01-17T02:20:41.368Z"}}, {"model": "eshop.product", "pk": 22, "fields": {"category": 2, "name": "Clean Code: A Handbook of Agile Software Craftsmanship", "slug": "product-22", "image": "products/2026/01/17/00._Queen_-_Greatest_Hits_II_The_Platinum_Collection.jpg", "made_by": "Robert C. Martin", "description": "Even bad code can function. But if code is not clean, it can bring a development organization to its knees.", "meta_description": "978-0132350884", "price": "1000.00", "stock": 920, "created": "2026-01-17T03:40:45.981Z", "updated": "2026-01-17T05:25:17.697Z"}}, {"model": "eshop.product", "pk": 23, "fields": {"category": 2, "name": "Clean Architecture: A Craftsman's Guide to Software Structure and Design", "slug": "product-23", "image": "products/2026/01/17/00._Queen_-_Greatest_Hits_I_The_Platinum_Collection.jpg", "made_by": "Robert C. Martin", "description": "A guide to software architecture that helps you create systems that are easy to understand, maintain, and deploy.", "meta_description": "978-0134494166", "price": "1000.00", "stock": 920, "created": "2026-01-17T03:40:45.981Z", "updated": "2026-01-17T05:25:06.544Z"}}, {"model": "eshop.product", "pk": 24, "fields": {"category": 2, "name": "Pride and Prejudice", "slug": "pride-and-prejudice-293", "image": "products/no-image.jpg", "made_by": "Jane Austen", "description": "A classic novel about the emotional development of the protagonist, Elizabeth Bennet.", "meta_description": "978-0141439518", "price": "2000.00", "stock": 820, "created": "2026-01-17T03:40:45.981Z", "updated": "2026-01-17T03:40:45.981Z"}}, {"model": "eshop.product", "pk": 25, "fields": {"category": 2, "name": "Sense and Sensibility", "slug": "sense-and-sensibility234", "image": "products/no-image.jpg", "made_by": "Jane Austen", "description": "The story of two sisters, Elinor and Marianne Dashwood, who have contrary temperaments.", "meta_description": "978-0141439662", "price": "3000.00", "stock": 720, "created": "2026-01-17T03:40:45.981Z", "updated": "2026-01-17T03:40:45.981Z"}}, {"model": "eshop.product", "pk": 26, "fields": {"category": 2, "name": "Emma", "slug": "emma-1234", "image": "products/2026/01/17/00-Eminem-Recovery-Retail-2010-NoFS-COVER.jpg", "made_by": "Jane Austen", "description": "A novel about youthful hubris and the perils of misconstrued romance.", "meta_description": "978-0141439587", "price": "6000.00", "stock": 620, "created": "2026-01-17T03:40:45.981Z", "updated": "2026-01-17T05:25:56.684Z"}}, {"model": "eshop.product", "pk": 27, "fields": {"category": 2, "name": "1984", "slug": "1984-1234", "image": "products/2026/01/17/다운로드_1.png", "made_by": "George Orwell", "description": "A dystopian novel set in Airstrip One, a province of the superstate Oceania in a world of perpetual war, omnipresent government surveillance, and public manipulation.", "meta_description": "978-0451524935", "price": "8000.00", "stock": 420, "created": "2026-01-17T03:40:45.981Z", "updated": "2026-01-17T04:22:14.717Z"}}, {"model": "eshop.product", "pk": 28, "fields": {"category": 2, "name": "Animal Farm", "slug": "animal-farm-1234", "image": "products/2026/01/17/2007_Minutes_to_Midnight.jpg", "made_by": "George Orwell", "description": "동물 농장", "meta_description": "978-0451526342", "price": "8000.00", "stock": 220, "created": "2026-01-17T03:40:45.981Z", "updated": "2026-01-17T05:24:29.056Z"}}, {"model": "eshop.product", "pk": 29, "fields": {"category": 2, "name": "Down and Out in Paris and London", "slug": "down-and-out-in-paris-and-london", "image": "products/2026/01/17/00-Eminem-Recovery-Retail-2010-NoFS-CD.jpg", "made_by": "George Orwell", "description": "파리와 런던에서 벗어나다", "meta_description": "978-0141182652", "price": "9000.00", "stock": 20, "created": "2026-01-17T03:40:45.981Z", "updated": "2026-01-17T05:25:44.537Z"}}, {"model": "eshop.product", "pk": 30, "fields": {"category": 2, "name": "And Then There Were None", "slug": "and-then-there-were-none", "image": "products/2026/01/17/다운로드_2_GEIz3zs.jpg", "made_by": "Agatha Christie", "description": "그리고 아무도 없었다", "meta_description": "923-0062073488", "price": "8000.00", "stock": 30, "created": "2026-01-17T03:40:45.981Z", "updated": "2026-01-17T05:23:55.631Z"}}, {"model": "eshop.product", "pk": 31, "fields": {"category": 2, "name": "Murder on the Orient Express", "slug": "murder-on-the-orient-express", "image": "products/no-image.jpg", "made_by": "Agatha Christie", "description": "Murder on the Orient Express", "meta_description": "978-0062073495", "price": "5000.00", "stock": 20, "created": "2026-01-17T03:40:45.981Z", "updated": "2026-01-17T03:40:45.981Z"}}, {"model": "eshop.product", "pk": 32, "fields": {"category": 2, "name": "The Murder of Roger Ackroyd", "slug": "the-murder-of-roger-ackroyd", "image": "products/no-image.jpg", "made_by": "Agatha Christie", "description": "The Murder of Roger Ackroyd", "meta_description": "978-0007527526", "price": "25000.00", "stock": 20, "created": "2026-01-17T03:40:45.981Z", "updated": "2026-01-17T03:40:45.981Z"}}, {"model": "eshop.product", "pk": 33, "fields": {"category": 2, "name": "1Q84", "slug": "1q84", "image": "products/2026/01/17/다운로드_2.jpg", "made_by": "Haruki Murakami", "description": "1Q84", "meta_description": "978-0307278932", "price": "3000.00", "stock": 20, "created": "2026-01-17T03:40:45.981Z", "updated": "2026-01-17T04:22:27.347Z"}}, {"model": "eshop.product", "pk": 34, "fields": {"category": 2, "name": "Norwegian Wood", "slug": "norwegian-wood", "image": "products/no-image.jpg", "made_by": "Haruki Murakami", "description": "Norwegian Wood", "meta_description": "978-0375704024", "price": "35000.00", "stock": 1120, "created": "2026-01-17T03:40:45.981Z", "updated": "2026-01-17T03:40:45.981Z"}}, {"model": "eshop.product", "pk": 35, "fields": {"category": 2, "name": "Kafka on the Shore", "slug": "kafka-on-the-shore", "image": "products/no-image.jpg", "made_by": "Haruki Murakami", "description": "Kafka on the Shore", "meta_description": "978-1400079278", "price": "25000.00", "stock": 220, "created": "2026-01-17T03:40:45.981Z", "updated": "2026-01-17T03:40:45.981Z"}}, {"model": "eshop.product", "pk": 36, "fields": {"category": 2, "name": "To the Lighthouse", "slug": "to-the-lighthouse", "image": "products/no-image.jpg", "made_by": "Virginia Woolf", "description": "To the Lighthouse", "meta_description": "978-0156030410", "price": "15000.00", "stock": 120, "created": "2026-01-17T03:40:45.981Z", "updated": "2026-01-17T03:40:45.981Z"}}, {"model": "eshop.product", "pk": 37, "fields": {"category": 2, "name": "Mrs Dalloway", "slug": "mrs-dalloway", "image": "products/no-image.jpg", "made_by": "Virginia Woolf", "description": "Mrs Dalloway", "meta_description": "978-0156628709", "price": "5000.00", "stock": 420, "created": "2026-01-17T03:40:45.981Z", "updated": "2026-01-17T03:40:45.981Z"}}, {"model": "eshop.product", "pk": 38, "fields": {"category": 2, "name": "A Room of One's Own", "slug": "product-38", "image": "products/2026/01/17/다운로드_3_5gloY4m.jpg", "made_by": "Virginia Woolf", "description": "A Room of One's Own", "meta_description": "978-0156030410", "price": "5000.00", "stock": 2, "created": "2026-01-17T03:40:45.981Z", "updated": "2026-01-17T05:23:41.490Z"}}, {"model": "eshop.product", "pk": 39, "fields": {"category": 2, "name": "The Old Man and the Sea", "slug": "the-old-man-and-the-sea", "image": "products/no-image.jpg", "made_by": "Ernest Hemingway", "description": "The Old Man and the Sea", "meta_description": "978-0684801223", "price": "5000.00", "stock": 1, "created": "2026-01-17T03:40:45.981Z", "updated": "2026-01-17T03:40:45.981Z"}}, {"model": "eshop.product", "pk": 40, "fields": {"category": 2, "name": "For Whom the Bell Tolls", "slug": "for-whom-the-bell-tolls", "image": "products/2026/01/17/001.jpg", "made_by": "Ernest Hemingway", "description": "For Whom the Bell Tolls", "meta_description": "978-0684801223", "price": "5000.00", "stock": 4, "created": "2026-01-17T03:40:45.981Z", "updated": "2026-01-17T05:26:10.047Z"}}, {"model": "eshop.product", "pk": 41, "fields": {"category": 2, "name": "A Farewell to Arms", "slug": "a-farewell-to-arms", "image": "products/2026/01/17/다운로드_3.jpg", "made_by": "Ernest Hemingway", "description": "A Farewell to Arms", "meta_description": "978-06", "price": "5000.00", "stock": 20, "created": "2026-01-17T03:40:45.981Z", "updated": "2026-01-17T04:22:45.067Z"}}, {"model": "eshop.product", "pk": 42, "fields": {"category": 2, "name": "Adventures of Huckleberry Finn", "slug": "adventures-of-huckleberry-finn", "image": "products/2026/01/17/2004_Collision_Course.jpg", "made_by": "Mark Twain", "description": "Adventures of Huckleberry Finn", "meta_description": "978-039", "price": "5000.00", "stock": 5, "created": "2026-01-17T03:40:45.981Z", "updated": "2026-01-17T05:24:16.762Z"}}, {"model": "eshop.product", "pk": 43, "fields": {"category": 2, "name": "The Adventures of Tom Sawyer", "slug": "the-adventures-of-tom-sawyer", "image": "products/no-image.jpg", "made_by": "Mark Twain", "description": "The Adventures of Tom Sawyer", "meta_description": "978-039", "price": "5000.00", "stock": 6, "created": "2026-01-17T03:40:45.981Z", "updated": "2026-01-17T03:40:45.981Z"}}, {"model": "eshop.product", "pk": 44, "fields": {"category": 2, "name": "The Prince and the Pauper", "slug": "the-prince-and-the-pauper", "image": "products/no-image.jpg", "made_by": "Mark Twain", "description": "The Prince and the Pauper", "meta_description": "978-039", "price": "5000.00", "stock": 7, "created": "2026-01-17T03:40:45.981Z", "updated": "2026-01-17T03:40:45.981Z"}}, {"model": "eshop.product", "pk": 45, "fields": {"category": 2, "name": "War and Peace", "slug": "war-and-peace", "image": "products/no-image.jpg", "made_by": "Leo Tolstoy", "description": "War and Peace", "meta_description": "978-0140449", "price": "3000.00", "stock": 8, "created": "2026-01-17T03:40:45.981Z", "updated": "2026-01-17T03:40:45.981Z"}}, {"model": "eshop.product", "pk": 46, "fields": {"category": 2, "name": "Anna Karenina", "slug": "anna-karenina", "image": "products/2026/01/17/.trashed-1728319915-Nirvana_-_Greatest_Hits_2008_2CD_front.jpg", "made_by": "Leo Tolstoy", "description": "Anna Karenina", "meta_description": "978-01404491", "price": "12000.00", "stock": 94, "created": "2026-01-17T03:40:45.981Z", "updated": "2026-01-17T05:24:42.124Z"}}, {"model": "eshop.product", "pk": 47, "fields": {"category": 2, "name": "The Death of Ivan Ilyich", "slug": "the-death-of-ivan-ilyich", "image": "products/no-image.jpg", "made_by": "Leo Tolstoy", "description": "The Death of Ivan Ilyich", "meta_description": "978-01404491", "price": "31000.00", "stock": 63, "created": "2026-01-17T03:40:45.981Z", "updated": "2026-01-17T03:40:45.981Z"}}, {"model": "eshop.product", "pk": 48, "fields": {"category": 2, "name": "Crime and Punishment", "slug": "crime-and-punishment", "image": "products/2026/01/17/00-Eminem-Recovery-Retail-2010-NoFS-BACK.jpg", "made_by": "Fyodor Dostoevsky", "description": "Crime and Punishment", "meta_description": "978-01404491", "price": "7000.00", "stock": 25, "created": "2026-01-17T03:40:45.981Z", "updated": "2026-01-17T05:25:30.504Z"}}, {"model": "eshop.product", "pk": 49, "fields": {"category": 2, "name": "The Brothers Karamazov", "slug": "the-brothers-karamazov", "image": "products/no-image.jpg", "made_by": "Fyodor Dostoevsky", "description": "The Brothers Karamazov", "meta_description": "978-01404491", "price": "15000.00", "stock": 64, "created": "2026-01-17T03:40:45.981Z", "updated": "2026-01-17T03:40:45.981Z"}}, {"model": "eshop.product", "pk": 50, "fields": {"category": 2, "name": "Notes from Underground", "slug": "notes-from-underground", "image": "products/no-image.jpg", "made_by": "Fyodor Dostoevsky", "description": "Notes from Underground", "meta_description": "978-01404", "price": "9000.00", "stock": 73, "created": "2026-01-17T03:40:45.981Z", "updated": "2026-01-17T03:40:45.981Z"}}, {"model": "eshop.product", "pk": 51, "fields": {"category": 2, "name": "One Hundred Years of Solitude", "slug": "one-hundred-years-of-solitude", "image": "products/no-image.jpg", "made_by": "가브리엘 마르시아", "description": "", "meta_description": "", "price": "25000.00", "stock": 22, "created": "2026-01-17T03:40:45.981Z", "updated": "2026-01-17T03:40:45.981Z"}}, {"model": "eshop.product", "pk": 52, "fields": {"category": 2, "name": "Love in the Time of Cholera", "slug": "love-in-the-time-of-cholera", "image": "products/no-image.jpg", "made_by": "가브리엘 마르시아", "description": "Love in the Time of Cholera", "meta_description": "978-01404", "price": "19000.00", "stock": 20, "created": "2026-01-17T03:40:45.981Z", "updated": "2026-01-17T03:40:45.981Z"}}, {"model": "eshop.product", "pk": 53, "fields": {"category": 2, "name": "Chronicle of a Death Foretold", "slug": "chronicle-of-a-death-foretold", "image": "products/2026/01/17/.trashed-1728319915-Nirvana_-_Greatest_Hits_2008_2CD.jpg", "made_by": "가브리엘 마르시아", "description": "Chronicle of a Death Foretold", "meta_description": "978-01404", "price": "15000.00", "stock": 55, "created": "2026-01-17T03:40:45.981Z", "updated": "2026-01-17T05:24:55.110Z"}}, {"model": "eshop.product", "pk": 54, "fields": {"category": 2, "name": "Hamlet", "slug": "hamlet", "image": "products/no-image.jpg", "made_by": "William Shakespeare", "description": "Hamlet", "meta_description": "978-01404", "price": "12000.00", "stock": 66, "created": "2026-01-17T03:40:45.981Z", "updated": "2026-01-17T03:40:45.981Z"}}, {"model": "eshop.product", "pk": 55, "fields": {"category": 2, "name": "Romeo and Juliet", "slug": "romeo-and-juliet", "image": "products/no-image.jpg", "made_by": "William Shakespeare", "description": "Romeo and Juliet", "meta_description": "978-01404", "price": "17000.00", "stock": 32, "created": "2026-01-17T03:40:45.981Z", "updated": "2026-01-17T03:40:45.981Z"}}, {"model": "eshop.product", "pk": 56, "fields": {"category": 2, "name": "Macbeth", "slug": "macbeth", "image": "products/no-image.jpg", "made_by": "William Shakespeare", "description": "Macbeth", "meta_description": "978-01404", "price": "9000.00", "stock": 42, "created": "2026-01-17T03:40:45.981Z", "updated": "2026-01-17T03:40:45.981Z"}}, {"model": "eshop.product", "pk": 57, "fields": {"category": 2, "name": "The Trial", "slug": "the-trial", "image": "products/no-image.jpg", "made_by": "Franz Kafka", "description": "The Trial", "meta_description": "978-014", "price": "5000.00", "stock": 533, "created": "2026-01-17T03:40:45.981Z", "updated": "2026-01-17T03:40:45.981Z"}}, {"model": "eshop.product", "pk": 58, "fields": {"category": 2, "name": "The Castle", "slug": "the-castle", "image": "products/no-image.jpg", "made_by": "Franz Kafka", "description": "The Castle", "meta_description": "978-014", "price": "8000.00", "stock": 345, "created": "2026-01-17T03:40:45.981Z", "updated": "2026-01-17T03:40:45.981Z"}}, {"model": "eshop.product", "pk": 59, "fields": {"category": 2, "name": "Wuthering Heights", "slug": "wuthering-heights", "image": "products/no-image.jpg", "made_by": "에밀리 보넷", "description": "Wuthering Heights", "meta_description": "978-014", "price": "7000.00", "stock": 643, "created": "2026-01-17T03:40:45.981Z", "updated": "2026-01-17T03:40:45.981Z"}}, {"model": "eshop.product", "pk": 60, "fields": {"category": 2, "name": "토지 (Toji)", "slug": "product-60", "image": "products/2026/01/17/100_All-time_Classical_favourites_musicfromrizzo.jpg", "made_by": "박경리", "description": "토지 (Toji)", "meta_description": "978-014", "price": "6000.00", "stock": 234, "created": "2026-01-17T03:40:45.981Z", "updated": "2026-01-17T05:49:02.676Z"}}, {"model": "eshop.product", "pk": 61, "fields": {"category": 2, "name": "The Guest", "slug": "the-guest", "image": "products/no-image.jpg", "made_by": "황석영", "description": "The Guest", "meta_description": "978-014", "price": "4000.00", "stock": 2, "created": "2026-01-17T03:40:45.981Z", "updated": "2026-01-17T03:40:45.981Z"}}, {"model": "eshop.product", "pk": 62, "fields": {"category": 2, "name": "바리데기 (Princess Bari)", "slug": "product-62", "image": "products/2026/01/17/123277_f_4.jpg", "made_by": "황석영", "description": "바리데기 (Princess Bari)", "meta_description": "978-014", "price": "33000.00", "stock": 3, "created": "2026-01-17T03:40:45.981Z", "updated": "2026-01-17T05:28:42.607Z"}}, {"model": "eshop.product", "pk": 63, "fields": {"category": 2, "name": "오래된 정원 (The Old Garden)", "slug": "product-63", "image": "products/2026/01/17/1975_Live_in_Asbury_New_Jersey_05.08.1975_Back2.jpg", "made_by": "황석영", "description": "오래된 정원 (The Old Garden)", "meta_description": "978-014", "price": "13000.00", "stock": 4, "created": "2026-01-17T03:40:45.981Z", "updated": "2026-01-17T05:27:19.841Z"}}, {"model": "eshop.product", "pk": 64, "fields": {"category": 2, "name": "Please Look After Mom", "slug": "please-look-after-mom", "image": "products/no-image.jpg", "made_by": "신경숙", "description": "Please Look After Mom", "meta_description": "978-014", "price": "51000.00", "stock": 5, "created": "2026-01-17T03:40:45.981Z", "updated": "2026-01-17T03:40:45.981Z"}}, {"model": "eshop.product", "pk": 65, "fields": {"category": 2, "name": "어디선가 나를 찾는 전화벨이 울리고 (I'll Be Right There)", "slug": "product-65", "image": "products/2026/01/17/1985-S2.JPG", "made_by": "신경숙", "description": "어디선가 나를 찾는 전화벨이 울리고 (I'll Be Right There)", "meta_description": "978-014", "price": "35000.00", "stock": 10, "created": "2026-01-17T03:40:45.981Z", "updated": "2026-01-17T05:27:53.230Z"}}, {"model": "eshop.product", "pk": 66, "fields": {"category": 2, "name": "리진 (Li Jin)", "slug": "product-66", "image": "products/no-image.jpg", "made_by": "신경숙", "description": "리진 (Li Jin)", "meta_description": "978-014", "price": "25000.00", "stock": 11, "created": "2026-01-17T03:40:45.981Z", "updated": "2026-01-17T03:40:45.981Z"}}, {"model": "eshop.product", "pk": 67, "fields": {"category": 2, "name": "하늘과 바람과 별과 시 (Sky, Wind, and Stars)", "slug": "product-67", "image": "products/2026/01/17/002.jpg", "made_by": "윤동주", "description": "하늘과 바람과 별과 시", "meta_description": "978-8936433598", "price": "15000.00", "stock": 32, "created": "2026-01-17T03:40:45.981Z", "updated": "2026-01-17T05:26:39.865Z"}}, {"model": "eshop.product", "pk": 68, "fields": {"category": 2, "name": "날개 (The Wings)", "slug": "product-68", "image": "products/no-image.jpg", "made_by": "윤동주", "description": "날개", "meta_description": "978-8983922336", "price": "22000.00", "stock": 43, "created": "2026-01-17T03:40:45.981Z", "updated": "2026-01-17T03:40:45.981Z"}}, {"model": "eshop.product", "pk": 69, "fields": {"category": 2, "name": "오감도 (Crow's Eye View)", "slug": "product-69", "image": "products/2026/01/17/114727_1_f.jpg", "made_by": "윤동주", "description": "오감도", "meta_description": "978-8936433796", "price": "3000.00", "stock": 54, "created": "2026-01-17T03:40:45.981Z", "updated": "2026-01-17T05:27:38.725Z"}}, {"model": "eshop.product", "pk": 70, "fields": {"category": 2, "name": "희랍어 시간 (Greek Lessons)", "slug": "product-70", "image": "products/no-image.jpg", "made_by": "한강", "description": "희랍어 시간", "meta_description": "978-1107150221", "price": "6000.00", "stock": 64, "created": "2026-01-17T03:40:45.981Z", "updated": "2026-01-17T03:40:45.981Z"}}, {"model": "eshop.product", "pk": 71, "fields": {"category": 2, "name": "소년이 온다 (Human Acts)", "slug": "product-71", "image": "products/2026/01/17/cover_1.jpg", "made_by": "한강", "description": "소년이 온다", "meta_description": "978-1108405020", "price": "7000.00", "stock": 75, "created": "2026-01-17T03:40:45.981Z", "updated": "2026-01-17T05:28:06.124Z"}}, {"model": "eshop.product", "pk": 72, "fields": {"category": 2, "name": "The Vegetarian", "slug": "the-vegetarian", "image": "products/no-image.jpg", "made_by": "한강", "description": "The Vegetarian", "meta_description": "978-8954682654", "price": "8000.00", "stock": 86, "created": "2026-01-17T03:40:45.981Z", "updated": "2026-01-17T03:40:45.981Z"}}, {"model": "eshop.product", "pk": 73, "fields": {"category": 2, "name": "I Have the Right to Destroy Myself", "slug": "i-have-the-right-to", "image": "products/no-image.jpg", "made_by": "김영하", "description": "I Have the Right to Destroy Myself", "meta_description": "978-0156031844", "price": "8000.00", "stock": 222, "created": "2026-01-17T03:40:45.981Z", "updated": "2026-01-17T03:40:45.981Z"}}, {"model": "eshop.product", "pk": 74, "fields": {"category": 2, "name": "살인자의 기억법 (Memoir of a Murderer)", "slug": "product-74", "image": "products/2026/01/17/123352_1_f.jpg", "made_by": "김영하", "description": "살인자의 기억법 (Memoir of a Murderer)", "meta_description": "978-0", "price": "9000.00", "stock": 333, "created": "2026-01-17T03:40:45.981Z", "updated": "2026-01-17T05:28:16.896Z"}}, {"model": "eshop.product", "pk": 75, "fields": {"category": 2, "name": "빛의 제국 (Your Republic Is Calling You)", "slug": "product-75", "image": "products/2026/01/17/CD_Back_track_listing.jpg", "made_by": "김영하", "description": "빛의 제국 (Your Republic Is Calling You)", "meta_description": "978-015603", "price": "15000.00", "stock": 444, "created": "2026-01-17T03:40:45.981Z", "updated": "2026-01-17T05:28:28.889Z"}}, {"model": "eshop.product", "pk": 76, "fields": {"category": 2, "name": "Our Happy Time", "slug": "our-happy-time", "image": "products/no-image.jpg", "made_by": "공지영", "description": "Our Happy Time", "meta_description": "978-015603", "price": "12000.00", "stock": 3220, "created": "2026-01-17T03:40:45.981Z", "updated": "2026-01-17T03:40:45.981Z"}}, {"model": "eshop.product", "pk": 77, "fields": {"category": 2, "name": "도가니 (The Crucible)", "slug": "product-77", "image": "products/no-image.jpg", "made_by": "공지영", "description": "도가니 (The Crucible)", "meta_description": "978-015603", "price": "33000.00", "stock": 12420, "created": "2026-01-17T03:40:45.981Z", "updated": "2026-01-17T03:40:45.981Z"}}, {"model": "eshop.product", "pk": 78, "fields": {"category": 2, "name": "즐거운 나의 집 (My Happy Home)", "slug": "product-78", "image": "products/2026/01/17/1975_Live_in_Asbury_New_Jersey_05.08.1975_Back1.jpg", "made_by": "공지영", "description": "", "meta_description": "", "price": "41000.00", "stock": 5674, "created": "2026-01-17T03:40:45.981Z", "updated": "2026-01-17T05:27:03.419Z"}}, {"model": "eshop.product", "pk": 79, "fields": {"category": 2, "name": "The Bird", "slug": "the-bird", "image": "products/no-image.jpg", "made_by": "오정희", "description": "The Bird", "meta_description": "978-014", "price": "5000.00", "stock": 20, "created": "2026-01-17T03:40:45.981Z", "updated": "2026-01-17T03:40:45.981Z"}}, {"model": "eshop.product", "pk": 80, "fields": {"category": 2, "name": "Who Ate Up All the Shinga?", "slug": "product-80", "image": "products/no-image.jpg", "made_by": "박완서", "description": "Who Ate Up All the Shinga?", "meta_description": "978-014", "price": "23000.00", "stock": 6453, "created": "2026-01-17T03:40:45.981Z", "updated": "2026-01-17T03:40:45.981Z"}}, {"model": "eshop.product", "pk": 81, "fields": {"category": 2, "name": "그 산이 정말 거기 있었을까 (Was the Mountain Really There?)", "slug": "product-81", "image": "products/no-image.jpg", "made_by": "박완서", "description": "그 산이 정말 거기 있었을까 (Was the Mountain Really There?)", "meta_description": "978-014", "price": "21000.00", "stock": 6743, "created": "2026-01-17T03:40:45.981Z", "updated": "2026-01-17T03:40:45.981Z"}}, {"model": "eshop.product", "pk": 82, "fields": {"category": 2, "name": "그 많던 싱아는 누가 다 먹었을까", "slug": "product-82", "image": "products/no-image.jpg", "made_by": "박완서", "description": "그 많던 싱아는 누가 다 먹었을까", "meta_description": "978-01", "price": "20000.00", "stock": 7566, "created": "2026-01-17T03:40:45.981Z", "updated": "2026-01-17T03:40:45.981Z"}}, {"model": "eshop.product", "pk": 83, "fields": {"category": 2, "name": "Three Generations", "slug": "three-generations", "image": "products/no-image.jpg", "made_by": "염상섭", "description": "Three Generations", "meta_description": "978-01", "price": "11000.00", "stock": 88, "created": "2026-01-17T03:40:45.981Z", "updated": "2026-01-17T03:40:45.981Z"}}, {"model": "eshop.product", "pk": 84, "fields": {"category": 2, "name": "Chae Man-sik", "slug": "chae-man-sik", "image": "products/no-image.jpg", "made_by": "채만식", "description": "Chae Man-sik", "meta_description": "978-01", "price": "10000.00", "stock": 55, "created": "2026-01-17T03:40:45.981Z", "updated": "2026-01-17T03:40:45.981Z"}}, {"model": "eshop.product", "pk": 85, "fields": {"category": 3, "name": "computer lg", "slug": "computer-lg", "image": "products/2026/01/17/mobile-phone-accessories-strach-care-scaled-1.webp", "made_by": "lg전자", "description": "notebook computer", "meta_description": "lg, computer", "price": "2000000.00", "stock": 59, "created": "2026-01-17T03:40:45.981Z", "updated": "2026-01-17T04:18:31.836Z"}}, {"model": "eshop.product", "pk": 86, "fields": {"category": 3, "name": "computer hp", "slug": "computer-hp", "image": "products/2026/01/17/다운로드_6.jpg", "made_by": "hp전자", "description": "laptop computer", "meta_description": "hp, computer", "price": "1200000.00", "stock": 88, "created": "2026-01-17T03:40:45.981Z", "updated": "2026-01-17T04:18:17.943Z"}}, {"model": "eshop.product", "pk": 87, "fields": {"category": 3, "name": "computer dell", "slug": "computer-dell", "image": "products/2026/01/17/다운로드_8.jpg", "made_by": "dell", "description": "desktop computer", "meta_description": "dell, computer", "price": "1600000.00", "stock": 33, "created": "2026-01-17T03:40:45.981Z", "updated": "2026-01-17T04:18:07.402Z"}}, {"model": "eshop.product", "pk": 88, "fields": {"category": 11, "name": "iphone 13", "slug": "iphone-13", "image": "products/2026/01/17/0_DRU6ZqL.avif", "made_by": "apple", "description": "smartphone", "meta_description": "apple, iphone", "price": "890000.00", "stock": 18, "created": "2026-01-17T03:40:45.981Z", "updated": "2026-01-17T04:18:57.106Z"}}, {"model": "eshop.product", "pk": 89, "fields": {"category": 11, "name": "iphone 12", "slug": "iphone-12", "image": "products/2026/01/17/0.avif", "made_by": "apple", "description": "smartphone", "meta_description": "apple, iphone", "price": "780000.00", "stock": 22, "created": "2026-01-17T03:40:45.981Z", "updated": "2026-01-17T04:18:45.252Z"}}, {"model": "eshop.product", "pk": 90, "fields": {"category": 11, "name": "iphone 14", "slug": "iphone-14", "image": "products/2026/01/17/다운로드_26.jpg", "made_by": "apple", "description": "smartphone", "meta_description": "apple, iphone", "price": "990000.00", "stock": 15, "created": "2026-01-17T03:40:45.981Z", "updated": "2026-01-17T04:20:24.428Z"}}, {"model": "eshop.product", "pk": 91, "fields": {"category": 11, "name": "iphone 15", "slug": "iphone-15", "image": "products/2026/01/17/다운로드_27.jpg", "made_by": "apple", "description": "smartphone", "meta_description": "apple, iphone", "price": "1090000.00", "stock": 12, "created": "2026-01-17T03:40:45.981Z", "updated": "2026-01-17T04:20:43.414Z"}}, {"model": "eshop.product", "pk": 92, "fields": {"category": 11, "name": "iphone 16", "slug": "iphone-16", "image": "products/2026/01/17/다운로드_28.jpg", "made_by": "apple", "description": "smartphone", "meta_description": "apple, iphone", "price": "1190000.00", "stock": 10, "created": "2026-01-17T03:40:45.981Z", "updated": "2026-01-17T04:20:54.785Z"}}, {"model": "eshop.product", "pk": 93, "fields": {"category": 11, "name": "iphone 17", "slug": "iphone-17", "image": "products/2026/01/17/다운로드_30.jpg", "made_by": "apple", "description": "smartphone", "meta_description": "apple, iphone", "price": "1290000.00", "stock": 8, "created": "2026-01-17T03:40:45.981Z", "updated": "2026-01-17T04:21:06.816Z"}}, {"model": "eshop.product", "pk": 94, "fields": {"category": 11, "name": "iphone 18", "slug": "iphone-18", "image": "products/2026/01/17/다운로드_31.jpg", "made_by": "apple", "description": "smartphone", "meta_description": "apple, iphone", "price": "1390000.00", "stock": 6, "created": "2026-01-17T03:40:45.981Z", "updated": "2026-01-17T04:21:17.200Z"}}, {"model": "eshop.product", "pk": 95, "fields": {"category": 11, "name": "iphone 19", "slug": "iphone-19", "image": "products/2026/01/17/다운로드_32.jpg", "made_by": "apple", "description": "smartphone", "meta_description": "apple, iphone", "price": "1490000.00", "stock": 4, "created": "2026-01-17T03:40:45.981Z", "updated": "2026-01-17T04:21:28.057Z"}}, {"model": "eshop.product", "pk": 96, "fields": {"category": 11, "name": "iphone 20", "slug": "iphone-20", "image": "products/2026/01/17/다운로드_26_VbvZsmU.jpg", "made_by": "apple", "description": "smartphone", "meta_description": "apple, iphone", "price": "1590000.00", "stock": 2, "created": "2026-01-17T03:40:45.981Z", "updated": "2026-01-17T04:21:54.328Z"}}, {"model": "eshop.product", "pk": 97, "fields": {"category": 10, "name": "cat", "slug": "cat", "image": "products/2026/01/17/다운로드_9.jpg", "made_by": "none", "description": "cat", "meta_description": "cat", "price": "1.00", "stock": 2, "created": "2026-01-17T03:40:45.981Z", "updated": "2026-01-17T04:14:52.148Z"}}, {"model": "eshop.product", "pk": 98, "fields": {"category": 10, "name": "dog", "slug": "dog", "image": "products/2026/01/17/다운로드_10.jpg", "made_by": "none", "description": "dog", "meta_description": "dog", "price": "1.00", "stock": 2, "created": "2026-01-17T03:40:45.981Z", "updated": "2026-01-17T04:15:18.081Z"}}, {"model": "eshop.product", "pk": 99, "fields": {"category": 10, "name": "rabbit", "slug": "rabbit", "image": "products/2026/01/17/images_2.jpg", "made_by": "none", "description": "rabbit", "meta_description": "rabbit", "price": "1.00", "stock": 2, "created": "2026-01-17T03:40:45.981Z", "updated": "2026-01-17T04:16:46.568Z"}}, {"model": "eshop.product", "pk": 100, "fields": {"category": 10, "name": "bird", "slug": "bird", "image": "products/2026/01/17/다운로드_16.jpg", "made_by": "none", "description": "bird", "meta_description": "bird", "price": "1.00", "stock": 2, "created": "2026-01-17T03:40:45.981Z", "updated": "2026-01-17T04:14:35.681Z"}}, {"model": "eshop.product", "pk": 101, "fields": {"category": 10, "name": "fish", "slug": "fish", "image": "products/2026/01/17/다운로드_18.jpg", "made_by": "none", "description": "fish", "meta_description": "fish", "price": "1.00", "stock": 2, "created": "2026-01-17T03:40:45.981Z", "updated": "2026-01-17T04:15:44.954Z"}}, {"model": "eshop.product", "pk": 102, "fields": {"category": 10, "name": "turtle", "slug": "turtle", "image": "products/2026/01/17/다운로드_18_I3nrbJ9.jpg", "made_by": "none", "description": "turtle", "meta_description": "turtle", "price": "1.00", "stock": 2, "created": "2026-01-17T03:40:45.981Z", "updated": "2026-01-17T04:17:45.926Z"}}, {"model": "eshop.product", "pk": 103, "fields": {"category": 10, "name": "snake", "slug": "snake", "image": "products/2026/01/17/다운로드_17.jpg", "made_by": "none", "description": "snake", "meta_description": "snake", "price": "1.00", "stock": 2, "created": "2026-01-17T03:40:45.981Z", "updated": "2026-01-17T04:17:25.837Z"}}, {"model": "eshop.product", "pk": 104, "fields": {"category": 10, "name": "horse", "slug": "horse", "image": "products/2026/01/17/다운로드_19.jpg", "made_by": "none", "description": "horse", "meta_description": "horse", "price": "1.00", "stock": 2, "created": "2026-01-17T03:40:45.981Z", "updated": "2026-01-17T04:16:02.244Z"}}, {"model": "eshop.product", "pk": 105, "fields": {"category": 10, "name": "cow", "slug": "cow", "image": "products/2026/01/17/다운로드_22.jpg", "made_by": "none", "description": "cow", "meta_description": "cow", "price": "1.00", "stock": 2, "created": "2026-01-17T03:40:45.981Z", "updated": "2026-01-17T04:15:06.145Z"}}, {"model": "eshop.product", "pk": 106, "fields": {"category": 10, "name": "pig", "slug": "pig", "image": "products/2026/01/17/다운로드_15.jpg", "made_by": "none", "description": "pig", "meta_description": "pig", "price": "1.00", "stock": 2, "created": "2026-01-17T03:40:45.981Z", "updated": "2026-01-17T04:16:15.855Z"}}, {"model": "eshop.product", "pk": 107, "fields": {"category": 10, "name": "sheep", "slug": "sheep", "image": "products/2026/01/17/다운로드_3.png", "made_by": "none", "description": "sheep", "meta_description": "sheep", "price": "1.00", "stock": 2, "created": "2026-01-17T03:40:45.981Z", "updated": "2026-01-17T04:17:06.269Z"}}, {"model": "eshop.product", "pk": 108, "fields": {"category": 10, "name": "duck", "slug": "duck", "image": "products/2026/01/17/다운로드_23.jpg", "made_by": "none", "description": "duck", "meta_description": "duck", "price": "1.00", "stock": 2, "created": "2026-01-17T03:40:45.981Z", "updated": "2026-01-17T04:15:30.264Z"}}, {"model": "eshop.product", "pk": 109, "fields": {"category": 9, "name": "turkey", "slug": "turkey", "image": "products/2026/01/17/다운로드_33.jpg", "made_by": "여행사1", "description": "turkey", "meta_description": "turkey", "price": "1000000.00", "stock": 22, "created": "2026-01-17T03:40:45.981Z", "updated": "2026-01-17T05:30:56.068Z"}}, {"model": "eshop.product", "pk": 110, "fields": {"category": 9, "name": "미국", "slug": "product-110", "image": "products/2026/01/17/다운로드_37.jpg", "made_by": "여행사2", "description": "미국", "meta_description": "미국", "price": "3500000.00", "stock": 21, "created": "2026-01-17T03:40:45.981Z", "updated": "2026-01-17T05:31:28.706Z"}}, {"model": "eshop.product", "pk": 111, "fields": {"category": 9, "name": "중국", "slug": "product-111", "image": "products/2026/01/17/다운로드_44.jpg", "made_by": "여행사3", "description": "중국", "meta_description": "중국", "price": "4500000.00", "stock": 57, "created": "2026-01-17T03:40:45.981Z", "updated": "2026-01-17T05:33:00.902Z"}}, {"model": "eshop.product", "pk": 112, "fields": {"category": 9, "name": "일본", "slug": "product-112", "image": "products/2026/01/17/다운로드_43.jpg", "made_by": "여행사4", "description": "일본", "meta_description": "일본", "price": "1000.00", "stock": 87, "created": "2026-01-17T03:40:45.981Z", "updated": "2026-01-17T05:32:49.928Z"}}, {"model": "eshop.product", "pk": 113, "fields": {"category": 9, "name": "프랑스", "slug": "product-113", "image": "products/2026/01/17/다운로드_35_wX6wosH.jpg", "made_by": "여행사5", "description": "프랑스", "meta_description": "프랑스", "price": "2600000.00", "stock": 85, "created": "2026-01-17T03:40:45.981Z", "updated": "2026-01-17T05:33:22.495Z"}}, {"model": "eshop.product", "pk": 115, "fields": {"category": 9, "name": "이탈리아", "slug": "product-115", "image": "products/2026/01/17/다운로드_42.jpg", "made_by": "여행사7", "description": "이탈리아", "meta_description": "이탈리아", "price": "3250000.00", "stock": 777, "created": "2026-01-17T03:40:45.981Z", "updated": "2026-01-17T05:32:40.267Z"}}, {"model": "eshop.product", "pk": 116, "fields": {"category": 9, "name": "스위스", "slug": "product-116", "image": "products/2026/01/17/다운로드_33_wwiL1sd.jpg", "made_by": "여행사8", "description": "스위스", "meta_description": "스위스", "price": "9600000.00", "stock": 542, "created": "2026-01-17T03:40:45.981Z", "updated": "2026-01-17T05:31:55.168Z"}}, {"model": "eshop.product", "pk": 117, "fields": {"category": 9, "name": "러시아", "slug": "product-117", "image": "products/2026/01/17/다운로드_35.jpg", "made_by": "여행사9", "description": "러시아", "meta_description": "러시아", "price": "5600000.00", "stock": 32, "created": "2026-01-17T03:40:45.981Z", "updated": "2026-01-17T05:31:18.562Z"}}, {"model": "eshop.product", "pk": 118, "fields": {"category": 9, "name": "캐나다", "slug": "product-118", "image": "products/2026/01/17/다운로드_34_IDf0GAJ.jpg", "made_by": "여행사10", "description": "캐나다", "meta_description": "캐나다", "price": "7700000.00", "stock": 22, "created": "2026-01-17T03:40:45.981Z", "updated": "2026-01-17T05:33:11.658Z"}}, {"model": "eshop.product", "pk": 119, "fields": {"category": 9, "name": "호주", "slug": "product-119", "image": "products/2026/01/17/다운로드_21.jpg", "made_by": "여행사11", "description": "호주", "meta_description": "호주", "price": "3200000.00", "stock": 34, "created": "2026-01-17T03:40:45.981Z", "updated": "2026-01-17T05:33:41.705Z"}}, {"model": "eshop.product", "pk": 120, "fields": {"category": 9, "name": "영국", "slug": "product-120", "image": "products/2026/01/17/다운로드_41.jpg", "made_by": "여행사12", "description": "영국", "meta_description": "영국", "price": "230000.00", "stock": 64, "created": "2026-01-17T03:40:45.981Z", "updated": "2026-01-17T05:32:30.144Z"}}, {"model": "eshop.product", "pk": 121, "fields": {"category": 9, "name": "스페인", "slug": "product-121", "image": "products/2026/01/17/다운로드_39.jpg", "made_by": "여행사13", "description": "스페인", "meta_description": "스페인", "price": "3600000.00", "stock": 265, "created": "2026-01-17T03:40:45.981Z", "updated": "2026-01-17T05:32:07.368Z"}}, {"model": "eshop.product", "pk": 122, "fields": {"category": 9, "name": "아르헨티나", "slug": "product-122", "image": "products/2026/01/17/다운로드_40.jpg", "made_by": "여행사14", "description": "아르헨티나", "meta_description": "아르헨티나", "price": "3540000.00", "stock": 642, "created": "2026-01-17T03:40:45.981Z", "updated": "2026-01-17T05:32:17.802Z"}}, {"model": "eshop.product", "pk": 123, "fields": {"category": 9, "name": "브라질", "slug": "product-123", "image": "products/2026/01/17/다운로드_38.jpg", "made_by": "여행사15", "description": "브라질", "meta_description": "브라질", "price": "6950000.00", "stock": 322, "created": "2026-01-17T03:40:45.981Z", "updated": "2026-01-17T05:31:39.450Z"}}, {"model": "eshop.product", "pk": 124, "fields": {"category": 4, "name": "반바지", "slug": "product-124", "image": "products/no-image.jpg", "made_by": "콜롬비아", "description": "반바지", "meta_description": "반바지", "price": "22000.00", "stock": 298, "created": "2026-01-17T03:40:45.981Z", "updated": "2026-01-17T03:40:45.981Z"}}, {"model": "eshop.product", "pk": 125, "fields": {"category": 4, "name": "패딩", "slug": "product-125", "image": "products/no-image.jpg", "made_by": "k2", "description": "패딩", "meta_description": "패딩", "price": "402030.00", "stock": 98, "created": "2026-01-17T03:40:45.981Z", "updated": "2026-01-17T03:40:45.981Z"}}, {"model": "eshop.product", "pk": 126, "fields": {"category": 4, "name": "윗옷", "slug": "product-126", "image": "products/no-image.jpg", "made_by": "퀸", "description": "긴홋", "meta_description": "긴팔, 긴팔", "price": "30001.00", "stock": 29, "created": "2026-01-17T03:40:45.981Z", "updated": "2026-01-17T03:40:45.981Z"}}]